train_slide_path,train_label,val_slide_path,val_label,test_slide_path,test_label
/data_sdd/lxt/GEM_PT_20X_PLIP/nagative_feat/pt_files/23-31390-10.pt,1,/data_sdd/lxt/GEM_PT_20X_PLIP/nagative_feat/pt_files/22-37243-13.pt,1.0,/data_sdd/lxt/GEM_PT_20X_PLIP/nagative_feat/pt_files/22-37243-13.pt,1.0
/data_sdd/lxt/GEM_PT_20X_PLIP/nagative_feat/pt_files/21-30227-A5.pt,1,/data_sdd/lxt/GEM_PT_20X_PLIP/nagative_feat/pt_files/21-11416-1.pt,1.0,/data_sdd/lxt/GEM_PT_20X_PLIP/nagative_feat/pt_files/21-11416-1.pt,1.0
/data_sdd/lxt/GEM_PT_20X_PLIP/nagative_feat/pt_files/19-29706-1.pt,1,/data_sdd/lxt/GEM_PT_20X_PLIP/nagative_feat/pt_files/21-22258-2.pt,1.0,/data_sdd/lxt/GEM_PT_20X_PLIP/nagative_feat/pt_files/21-22258-2.pt,1.0
/data_sdd/lxt/GEM_PT_20X_PLIP/nagative_feat/pt_files/19-32890-1.pt,1,/data_sdd/lxt/GEM_PT_20X_PLIP/nagative_feat/pt_files/21612150-2.pt,1.0,/data_sdd/lxt/GEM_PT_20X_PLIP/nagative_feat/pt_files/21612150-2.pt,1.0
/data_sdd/lxt/GEM_PT_20X_PLIP/nagative_feat/pt_files/21722637-3.pt,1,/data_sdd/lxt/GEM_PT_20X_PLIP/nagative_feat/pt_files/22-20147-7.pt,1.0,/data_sdd/lxt/GEM_PT_20X_PLIP/nagative_feat/pt_files/22-20147-7.pt,1.0
/data_sdd/lxt/GEM_PT_20X_PLIP/nagative_feat/pt_files/23-17836-1.pt,1,/data_sdd/lxt/GEM_PT_20X_PLIP/nagative_feat/pt_files/21-23422-B1.pt,1.0,/data_sdd/lxt/GEM_PT_20X_PLIP/nagative_feat/pt_files/21-23422-B1.pt,1.0
/data_sdd/lxt/GEM_PT_20X_PLIP/nagative_feat/pt_files/20-26709-5.pt,1,/data_sdd/lxt/GEM_PT_20X_PLIP/nagative_feat/pt_files/20-12546-12.pt,1.0,/data_sdd/lxt/GEM_PT_20X_PLIP/nagative_feat/pt_files/20-12546-12.pt,1.0
/data_sdd/lxt/GEM_PT_20X_PLIP/nagative_feat/pt_files/21-02089-2.pt,1,/data_sdd/lxt/GEM_PT_20X_PLIP/nagative_feat/pt_files/22-29428-B3.pt,1.0,/data_sdd/lxt/GEM_PT_20X_PLIP/nagative_feat/pt_files/22-29428-B3.pt,1.0
/data_sdd/lxt/GEM_PT_20X_PLIP/nagative_feat/pt_files/19-11833-7.pt,1,/data_sdd/lxt/GEM_PT_20X_PLIP/nagative_feat/pt_files/21622244-2.pt,1.0,/data_sdd/lxt/GEM_PT_20X_PLIP/nagative_feat/pt_files/21622244-2.pt,1.0
/data_sdd/lxt/GEM_PT_20X_PLIP/nagative_feat/pt_files/23-25975-5.pt,1,/data_sdd/lxt/GEM_PT_20X_PLIP/nagative_feat/pt_files/21701799-3.pt,1.0,/data_sdd/lxt/GEM_PT_20X_PLIP/nagative_feat/pt_files/21701799-3.pt,1.0
/data_sdd/lxt/GEM_PT_20X_PLIP/nagative_feat/pt_files/23-19521-1.pt,1,/data_sdd/lxt/GEM_PT_20X_PLIP/nagative_feat/pt_files/21-04941-2.pt,1.0,/data_sdd/lxt/GEM_PT_20X_PLIP/nagative_feat/pt_files/21-04941-2.pt,1.0
/data_sdd/lxt/GEM_PT_20X_PLIP/nagative_feat/pt_files/23-01354-6.pt,1,/data_sdd/lxt/GEM_PT_20X_PLIP/nagative_feat/pt_files/20-29207-2.pt,1.0,/data_sdd/lxt/GEM_PT_20X_PLIP/nagative_feat/pt_files/20-29207-2.pt,1.0
/data_sdd/lxt/GEM_PT_20X_PLIP/nagative_feat/pt_files/23-14650-B3.pt,1,/data_sdd/lxt/GEM_PT_20X_PLIP/nagative_feat/pt_files/20-01523-2.pt,1.0,/data_sdd/lxt/GEM_PT_20X_PLIP/nagative_feat/pt_files/20-01523-2.pt,1.0
/data_sdd/lxt/GEM_PT_20X_PLIP/nagative_feat/pt_files/23-32590-B8.pt,1,/data_sdd/lxt/GEM_PT_20X_PLIP/nagative_feat/pt_files/21-03852-2.pt,1.0,/data_sdd/lxt/GEM_PT_20X_PLIP/nagative_feat/pt_files/21-03852-2.pt,1.0
/data_sdd/lxt/GEM_PT_20X_PLIP/nagative_feat/pt_files/23-33530-10.pt,1,/data_sdd/lxt/GEM_PT_20X_PLIP/nagative_feat/pt_files/22-42817-2(1).pt,1.0,/data_sdd/lxt/GEM_PT_20X_PLIP/nagative_feat/pt_files/22-42817-2(1).pt,1.0
/data_sdd/lxt/GEM_PT_20X_PLIP/nagative_feat/pt_files/21724213-12.pt,1,/data_sdd/lxt/GEM_PT_20X_PLIP/nagative_feat/pt_files/20-04656-2.pt,1.0,/data_sdd/lxt/GEM_PT_20X_PLIP/nagative_feat/pt_files/20-04656-2.pt,1.0
/data_sdd/lxt/GEM_PT_20X_PLIP/nagative_feat/pt_files/21828947-6.pt,1,/data_sdd/lxt/GEM_PT_20X_PLIP/nagative_feat/pt_files/21803397-1.pt,1.0,/data_sdd/lxt/GEM_PT_20X_PLIP/nagative_feat/pt_files/21803397-1.pt,1.0
/data_sdd/lxt/GEM_PT_20X_PLIP/nagative_feat/pt_files/21-19673-2.pt,1,/data_sdd/lxt/GEM_PT_20X_PLIP/nagative_feat/pt_files/22-02561-3.pt,1.0,/data_sdd/lxt/GEM_PT_20X_PLIP/nagative_feat/pt_files/22-02561-3.pt,1.0
/data_sdd/lxt/GEM_PT_20X_PLIP/nagative_feat/pt_files/22-13473-A1.pt,1,/data_sdd/lxt/GEM_PT_20X_PLIP/nagative_feat/pt_files/23-38640-23.pt,1.0,/data_sdd/lxt/GEM_PT_20X_PLIP/nagative_feat/pt_files/23-38640-23.pt,1.0
/data_sdd/lxt/GEM_PT_20X_PLIP/nagative_feat/pt_files/21609876-2.pt,1,/data_sdd/lxt/GEM_PT_20X_PLIP/nagative_feat/pt_files/21812847-1.pt,1.0,/data_sdd/lxt/GEM_PT_20X_PLIP/nagative_feat/pt_files/21812847-1.pt,1.0
/data_sdd/lxt/GEM_PT_20X_PLIP/nagative_feat/pt_files/21811401-6.pt,1,/data_sdd/lxt/GEM_PT_20X_PLIP/nagative_feat/pt_files/19-33042-A1.pt,1.0,/data_sdd/lxt/GEM_PT_20X_PLIP/nagative_feat/pt_files/19-33042-A1.pt,1.0
/data_sdd/lxt/GEM_PT_20X_PLIP/nagative_feat/pt_files/20-29376-3.pt,1,/data_sdd/lxt/GEM_PT_20X_PLIP/nagative_feat/pt_files/21731586-5.pt,1.0,/data_sdd/lxt/GEM_PT_20X_PLIP/nagative_feat/pt_files/21731586-5.pt,1.0
/data_sdd/lxt/GEM_PT_20X_PLIP/nagative_feat/pt_files/21-30979-3.pt,1,/data_sdd/lxt/GEM_PT_20X_PLIP/nagative_feat/pt_files/19-33735-12.pt,1.0,/data_sdd/lxt/GEM_PT_20X_PLIP/nagative_feat/pt_files/19-33735-12.pt,1.0
/data_sdd/lxt/GEM_PT_20X_PLIP/nagative_feat/pt_files/21723174-1.pt,1,/data_sdd/lxt/GEM_PT_20X_PLIP/nagative_feat/pt_files/22-03930-5.pt,1.0,/data_sdd/lxt/GEM_PT_20X_PLIP/nagative_feat/pt_files/22-03930-5.pt,1.0
/data_sdd/lxt/GEM_PT_20X_PLIP/nagative_feat/pt_files/23-14844-2.pt,1,/data_sdd/lxt/GEM_PT_20X_PLIP/nagative_feat/pt_files/23-15434-2.pt,1.0,/data_sdd/lxt/GEM_PT_20X_PLIP/nagative_feat/pt_files/23-15434-2.pt,1.0
/data_sdd/lxt/GEM_PT_20X_PLIP/nagative_feat/pt_files/21-41748-1.pt,1,/data_sdd/lxt/GEM_PT_20X_PLIP/nagative_feat/pt_files/21807026-4.pt,1.0,/data_sdd/lxt/GEM_PT_20X_PLIP/nagative_feat/pt_files/21807026-4.pt,1.0
/data_sdd/lxt/GEM_PT_20X_PLIP/nagative_feat/pt_files/23-10260-2.pt,1,/data_sdd/lxt/GEM_PT_20X_PLIP/nagative_feat/pt_files/21823672-5.pt,1.0,/data_sdd/lxt/GEM_PT_20X_PLIP/nagative_feat/pt_files/21823672-5.pt,1.0
/data_sdd/lxt/GEM_PT_20X_PLIP/nagative_feat/pt_files/20-01127-5.pt,1,/data_sdd/lxt/GEM_PT_20X_PLIP/nagative_feat/pt_files/22-32531-5.pt,1.0,/data_sdd/lxt/GEM_PT_20X_PLIP/nagative_feat/pt_files/22-32531-5.pt,1.0
/data_sdd/lxt/GEM_PT_20X_PLIP/nagative_feat/pt_files/20-23536-1.pt,1,/data_sdd/lxt/GEM_PT_20X_PLIP/nagative_feat/pt_files/21714932-1.pt,1.0,/data_sdd/lxt/GEM_PT_20X_PLIP/nagative_feat/pt_files/21714932-1.pt,1.0
/data_sdd/lxt/GEM_PT_20X_PLIP/nagative_feat/pt_files/23-02829-5.pt,1,/data_sdd/lxt/GEM_PT_20X_PLIP/nagative_feat/pt_files/21823374-5.pt,1.0,/data_sdd/lxt/GEM_PT_20X_PLIP/nagative_feat/pt_files/21823374-5.pt,1.0
/data_sdd/lxt/GEM_PT_20X_PLIP/nagative_feat/pt_files/21-31657-1.pt,1,/data_sdd/lxt/GEM_PT_20X_PLIP/nagative_feat/pt_files/21613576-4.pt,1.0,/data_sdd/lxt/GEM_PT_20X_PLIP/nagative_feat/pt_files/21613576-4.pt,1.0
/data_sdd/lxt/GEM_PT_20X_PLIP/nagative_feat/pt_files/21618996-1.pt,1,/data_sdd/lxt/GEM_PT_20X_PLIP/nagative_feat/pt_files/22-41792-1.pt,1.0,/data_sdd/lxt/GEM_PT_20X_PLIP/nagative_feat/pt_files/22-41792-1.pt,1.0
/data_sdd/lxt/GEM_PT_20X_PLIP/nagative_feat/pt_files/22-42080-3.pt,1,/data_sdd/lxt/GEM_PT_20X_PLIP/nagative_feat/pt_files/21804795-2.pt,1.0,/data_sdd/lxt/GEM_PT_20X_PLIP/nagative_feat/pt_files/21804795-2.pt,1.0
/data_sdd/lxt/GEM_PT_20X_PLIP/nagative_feat/pt_files/23-06567-1.pt,1,/data_sdd/lxt/GEM_PT_20X_PLIP/nagative_feat/pt_files/21-04040-9.pt,1.0,/data_sdd/lxt/GEM_PT_20X_PLIP/nagative_feat/pt_files/21-04040-9.pt,1.0
/data_sdd/lxt/GEM_PT_20X_PLIP/nagative_feat/pt_files/21-24676-5.pt,1,/data_sdd/lxt/GEM_PT_20X_PLIP/nagative_feat/pt_files/21620132-6.pt,1.0,/data_sdd/lxt/GEM_PT_20X_PLIP/nagative_feat/pt_files/21620132-6.pt,1.0
/data_sdd/lxt/GEM_PT_20X_PLIP/nagative_feat/pt_files/21-26665-1.pt,1,/data_sdd/lxt/GEM_PT_20X_PLIP/nagative_feat/pt_files/21-04377-1.pt,1.0,/data_sdd/lxt/GEM_PT_20X_PLIP/nagative_feat/pt_files/21-04377-1.pt,1.0
/data_sdd/lxt/GEM_PT_20X_PLIP/nagative_feat/pt_files/23-34529-4.pt,1,/data_sdd/lxt/GEM_PT_20X_PLIP/nagative_feat/pt_files/23-37452-1.pt,1.0,/data_sdd/lxt/GEM_PT_20X_PLIP/nagative_feat/pt_files/23-37452-1.pt,1.0
/data_sdd/lxt/GEM_PT_20X_PLIP/nagative_feat/pt_files/22-42626-1.pt,1,/data_sdd/lxt/GEM_PT_20X_PLIP/nagative_feat/pt_files/21621403-4.pt,1.0,/data_sdd/lxt/GEM_PT_20X_PLIP/nagative_feat/pt_files/21621403-4.pt,1.0
/data_sdd/lxt/GEM_PT_20X_PLIP/nagative_feat/pt_files/21819505-1.pt,1,/data_sdd/lxt/GEM_PT_20X_PLIP/nagative_feat/pt_files/21623589-2.pt,1.0,/data_sdd/lxt/GEM_PT_20X_PLIP/nagative_feat/pt_files/21623589-2.pt,1.0
/data_sdd/lxt/GEM_PT_20X_PLIP/nagative_feat/pt_files/21-08823-A2.pt,1,/data_sdd/lxt/GEM_PT_20X_PLIP/nagative_feat/pt_files/21-17315-5.pt,1.0,/data_sdd/lxt/GEM_PT_20X_PLIP/nagative_feat/pt_files/21-17315-5.pt,1.0
/data_sdd/lxt/GEM_PT_20X_PLIP/nagative_feat/pt_files/21-08949-1.pt,1,/data_sdd/lxt/GEM_PT_20X_PLIP/nagative_feat/pt_files/20-03125-11.pt,1.0,/data_sdd/lxt/GEM_PT_20X_PLIP/nagative_feat/pt_files/20-03125-11.pt,1.0
/data_sdd/lxt/GEM_PT_20X_PLIP/nagative_feat/pt_files/21820194-2.pt,1,/data_sdd/lxt/GEM_PT_20X_PLIP/nagative_feat/pt_files/19-29633-A1.pt,1.0,/data_sdd/lxt/GEM_PT_20X_PLIP/nagative_feat/pt_files/19-29633-A1.pt,1.0
/data_sdd/lxt/GEM_PT_20X_PLIP/nagative_feat/pt_files/21720593-10.pt,1,/data_sdd/lxt/GEM_PT_20X_PLIP/nagative_feat/pt_files/19-33069-1.pt,1.0,/data_sdd/lxt/GEM_PT_20X_PLIP/nagative_feat/pt_files/19-33069-1.pt,1.0
/data_sdd/lxt/GEM_PT_20X_PLIP/nagative_feat/pt_files/20-11101-B2.pt,1,/data_sdd/lxt/GEM_PT_20X_PLIP/nagative_feat/pt_files/22-42425-3.pt,1.0,/data_sdd/lxt/GEM_PT_20X_PLIP/nagative_feat/pt_files/22-42425-3.pt,1.0
/data_sdd/lxt/GEM_PT_20X_PLIP/nagative_feat/pt_files/23-20075-5.pt,1,/data_sdd/lxt/GEM_PT_20X_PLIP/nagative_feat/pt_files/20-26769-1.pt,1.0,/data_sdd/lxt/GEM_PT_20X_PLIP/nagative_feat/pt_files/20-26769-1.pt,1.0
/data_sdd/lxt/GEM_PT_20X_PLIP/nagative_feat/pt_files/19-26943-5.pt,1,/data_sdd/lxt/GEM_PT_20X_PLIP/nagative_feat/pt_files/23-08281-1.pt,1.0,/data_sdd/lxt/GEM_PT_20X_PLIP/nagative_feat/pt_files/23-08281-1.pt,1.0
/data_sdd/lxt/GEM_PT_20X_PLIP/nagative_feat/pt_files/22-24234-2.pt,1,/data_sdd/lxt/GEM_PT_20X_PLIP/nagative_feat/pt_files/22-32680-3.pt,1.0,/data_sdd/lxt/GEM_PT_20X_PLIP/nagative_feat/pt_files/22-32680-3.pt,1.0
/data_sdd/lxt/GEM_PT_20X_PLIP/nagative_feat/pt_files/22-35244-3.pt,1,/data_sdd/lxt/GEM_PT_20X_PLIP/nagative_feat/pt_files/21700540-2.pt,1.0,/data_sdd/lxt/GEM_PT_20X_PLIP/nagative_feat/pt_files/21700540-2.pt,1.0
/data_sdd/lxt/GEM_PT_20X_PLIP/nagative_feat/pt_files/22-31947-A6.pt,1,/data_sdd/lxt/GEM_PT_20X_PLIP/nagative_feat/pt_files/21826392-1.pt,1.0,/data_sdd/lxt/GEM_PT_20X_PLIP/nagative_feat/pt_files/21826392-1.pt,1.0
/data_sdd/lxt/GEM_PT_20X_PLIP/nagative_feat/pt_files/23-29723-10.pt,1,/data_sdd/lxt/GEM_PT_20X_PLIP/nagative_feat/pt_files/22-17464-7.pt,1.0,/data_sdd/lxt/GEM_PT_20X_PLIP/nagative_feat/pt_files/22-17464-7.pt,1.0
/data_sdd/lxt/GEM_PT_20X_PLIP/nagative_feat/pt_files/21702903-9.pt,1,/data_sdd/lxt/GEM_PT_20X_PLIP/nagative_feat/pt_files/20-07360-4.pt,1.0,/data_sdd/lxt/GEM_PT_20X_PLIP/nagative_feat/pt_files/20-07360-4.pt,1.0
/data_sdd/lxt/GEM_PT_20X_PLIP/nagative_feat/pt_files/21831987-4.pt,1,/data_sdd/lxt/GEM_PT_20X_PLIP/nagative_feat/pt_files/19-15278-1.pt,1.0,/data_sdd/lxt/GEM_PT_20X_PLIP/nagative_feat/pt_files/19-15278-1.pt,1.0
/data_sdd/lxt/GEM_PT_20X_PLIP/nagative_feat/pt_files/19-15656-1.pt,1,/data_sdd/lxt/GEM_PT_20X_PLIP/nagative_feat/pt_files/22-35219-2.pt,1.0,/data_sdd/lxt/GEM_PT_20X_PLIP/nagative_feat/pt_files/22-35219-2.pt,1.0
/data_sdd/lxt/GEM_PT_20X_PLIP/nagative_feat/pt_files/21833238-8.pt,1,/data_sdd/lxt/GEM_PT_20X_PLIP/nagative_feat/pt_files/20-03908-1.pt,1.0,/data_sdd/lxt/GEM_PT_20X_PLIP/nagative_feat/pt_files/20-03908-1.pt,1.0
/data_sdd/lxt/GEM_PT_20X_PLIP/nagative_feat/pt_files/19-10251-1.pt,1,/data_sdd/lxt/GEM_PT_20X_PLIP/nagative_feat/pt_files/23-30798-3.pt,1.0,/data_sdd/lxt/GEM_PT_20X_PLIP/nagative_feat/pt_files/23-30798-3.pt,1.0
/data_sdd/lxt/GEM_PT_20X_PLIP/nagative_feat/pt_files/22-42654-2.pt,1,/data_sdd/lxt/GEM_PT_20X_PLIP/nagative_feat/pt_files/21-04903-10.pt,1.0,/data_sdd/lxt/GEM_PT_20X_PLIP/nagative_feat/pt_files/21-04903-10.pt,1.0
/data_sdd/lxt/GEM_PT_20X_PLIP/nagative_feat/pt_files/23-34280-18.pt,1,/data_sdd/lxt/GEM_PT_20X_PLIP/nagative_feat/pt_files/23-03330-4.pt,1.0,/data_sdd/lxt/GEM_PT_20X_PLIP/nagative_feat/pt_files/23-03330-4.pt,1.0
/data_sdd/lxt/GEM_PT_20X_PLIP/nagative_feat/pt_files/22-39814-A1.pt,1,/data_sdd/lxt/GEM_PT_20X_PLIP/nagative_feat/pt_files/22-42329-4.pt,1.0,/data_sdd/lxt/GEM_PT_20X_PLIP/nagative_feat/pt_files/22-42329-4.pt,1.0
/data_sdd/lxt/GEM_PT_20X_PLIP/nagative_feat/pt_files/21-29817-A2.pt,1,/data_sdd/lxt/GEM_PT_20X_PLIP/nagative_feat/pt_files/22-01600-1.pt,1.0,/data_sdd/lxt/GEM_PT_20X_PLIP/nagative_feat/pt_files/22-01600-1.pt,1.0
/data_sdd/lxt/GEM_PT_20X_PLIP/nagative_feat/pt_files/23-16739-1.pt,1,/data_sdd/lxt/GEM_PT_20X_PLIP/nagative_feat/pt_files/22-29150-3.pt,1.0,/data_sdd/lxt/GEM_PT_20X_PLIP/nagative_feat/pt_files/22-29150-3.pt,1.0
/data_sdd/lxt/GEM_PT_20X_PLIP/nagative_feat/pt_files/22-01266-2.pt,1,/data_sdd/lxt/GEM_PT_20X_PLIP/nagative_feat/pt_files/23-01650-1.pt,1.0,/data_sdd/lxt/GEM_PT_20X_PLIP/nagative_feat/pt_files/23-01650-1.pt,1.0
/data_sdd/lxt/GEM_PT_20X_PLIP/nagative_feat/pt_files/21619160-1.pt,1,/data_sdd/lxt/GEM_PT_20X_PLIP/nagative_feat/pt_files/19-41700-3.pt,1.0,/data_sdd/lxt/GEM_PT_20X_PLIP/nagative_feat/pt_files/19-41700-3.pt,1.0
/data_sdd/lxt/GEM_PT_20X_PLIP/nagative_feat/pt_files/23-32371-1.pt,1,/data_sdd/lxt/GEM_PT_20X_PLIP/nagative_feat/pt_files/23-18283-1.pt,1.0,/data_sdd/lxt/GEM_PT_20X_PLIP/nagative_feat/pt_files/23-18283-1.pt,1.0
/data_sdd/lxt/GEM_PT_20X_PLIP/nagative_feat/pt_files/22-08157-2.pt,1,/data_sdd/lxt/GEM_PT_20X_PLIP/nagative_feat/pt_files/21-37102-B2.pt,1.0,/data_sdd/lxt/GEM_PT_20X_PLIP/nagative_feat/pt_files/21-37102-B2.pt,1.0
/data_sdd/lxt/GEM_PT_20X_PLIP/nagative_feat/pt_files/21730332-7.pt,1,/data_sdd/lxt/GEM_PT_20X_PLIP/nagative_feat/pt_files/21-34119-2.pt,1.0,/data_sdd/lxt/GEM_PT_20X_PLIP/nagative_feat/pt_files/21-34119-2.pt,1.0
/data_sdd/lxt/GEM_PT_20X_PLIP/nagative_feat/pt_files/22-41043-2.pt,1,/data_sdd/lxt/GEM_PT_20X_PLIP/nagative_feat/pt_files/19-33172-3.pt,1.0,/data_sdd/lxt/GEM_PT_20X_PLIP/nagative_feat/pt_files/19-33172-3.pt,1.0
/data_sdd/lxt/GEM_PT_20X_PLIP/nagative_feat/pt_files/20-16935-2.pt,1,/data_sdd/lxt/GEM_PT_20X_PLIP/nagative_feat/pt_files/22-34079-5.pt,1.0,/data_sdd/lxt/GEM_PT_20X_PLIP/nagative_feat/pt_files/22-34079-5.pt,1.0
/data_sdd/lxt/GEM_PT_20X_PLIP/nagative_feat/pt_files/20-23571-7.pt,1,/data_sdd/lxt/GEM_PT_20X_PLIP/nagative_feat/pt_files/22-42913-6.pt,1.0,/data_sdd/lxt/GEM_PT_20X_PLIP/nagative_feat/pt_files/22-42913-6.pt,1.0
/data_sdd/lxt/GEM_PT_20X_PLIP/nagative_feat/pt_files/22-42817-2.pt,1,/data_sdd/lxt/GEM_PT_20X_PLIP/nagative_feat/pt_files/23-36132-B1.pt,1.0,/data_sdd/lxt/GEM_PT_20X_PLIP/nagative_feat/pt_files/23-36132-B1.pt,1.0
/data_sdd/lxt/GEM_PT_20X_PLIP/nagative_feat/pt_files/23-29984-3.pt,1,/data_sdd/lxt/GEM_PT_20X_PLIP/nagative_feat/pt_files/21-02524-B1.pt,1.0,/data_sdd/lxt/GEM_PT_20X_PLIP/nagative_feat/pt_files/21-02524-B1.pt,1.0
/data_sdd/lxt/GEM_PT_20X_PLIP/nagative_feat/pt_files/21722637-1.pt,1,/data_sdd/lxt/GEM_PT_20X_PLIP/nagative_feat/pt_files/21703862-3.pt,1.0,/data_sdd/lxt/GEM_PT_20X_PLIP/nagative_feat/pt_files/21703862-3.pt,1.0
/data_sdd/lxt/GEM_PT_20X_PLIP/nagative_feat/pt_files/20-00301-2.pt,1,/data_sdd/lxt/GEM_PT_20X_PLIP/positive_feat/pt_files/22-08689-11.pt,0.0,/data_sdd/lxt/GEM_PT_20X_PLIP/positive_feat/pt_files/22-08689-11.pt,0.0
/data_sdd/lxt/GEM_PT_20X_PLIP/nagative_feat/pt_files/21701788-1.pt,1,/data_sdd/lxt/GEM_PT_20X_PLIP/positive_feat/pt_files/20-12779-A7.pt,0.0,/data_sdd/lxt/GEM_PT_20X_PLIP/positive_feat/pt_files/20-12779-A7.pt,0.0
/data_sdd/lxt/GEM_PT_20X_PLIP/nagative_feat/pt_files/20-11654-4.pt,1,/data_sdd/lxt/GEM_PT_20X_PLIP/positive_feat/pt_files/19-36258-1.pt,0.0,/data_sdd/lxt/GEM_PT_20X_PLIP/positive_feat/pt_files/19-36258-1.pt,0.0
/data_sdd/lxt/GEM_PT_20X_PLIP/nagative_feat/pt_files/20-13133-4.pt,1,/data_sdd/lxt/GEM_PT_20X_PLIP/positive_feat/pt_files/20-14453-2.pt,0.0,/data_sdd/lxt/GEM_PT_20X_PLIP/positive_feat/pt_files/20-14453-2.pt,0.0
/data_sdd/lxt/GEM_PT_20X_PLIP/nagative_feat/pt_files/21807195-7.pt,1,/data_sdd/lxt/GEM_PT_20X_PLIP/positive_feat/pt_files/20-01978-8.pt,0.0,/data_sdd/lxt/GEM_PT_20X_PLIP/positive_feat/pt_files/20-01978-8.pt,0.0
/data_sdd/lxt/GEM_PT_20X_PLIP/nagative_feat/pt_files/21-44188-B2.pt,1,/data_sdd/lxt/GEM_PT_20X_PLIP/positive_feat/pt_files/21-24684-3.pt,0.0,/data_sdd/lxt/GEM_PT_20X_PLIP/positive_feat/pt_files/21-24684-3.pt,0.0
/data_sdd/lxt/GEM_PT_20X_PLIP/nagative_feat/pt_files/23-29992-2.pt,1,/data_sdd/lxt/GEM_PT_20X_PLIP/positive_feat/pt_files/22-02367-10.pt,0.0,/data_sdd/lxt/GEM_PT_20X_PLIP/positive_feat/pt_files/22-02367-10.pt,0.0
/data_sdd/lxt/GEM_PT_20X_PLIP/nagative_feat/pt_files/21616662-3.pt,1,/data_sdd/lxt/GEM_PT_20X_PLIP/positive_feat/pt_files/21823840-10.pt,0.0,/data_sdd/lxt/GEM_PT_20X_PLIP/positive_feat/pt_files/21823840-10.pt,0.0
/data_sdd/lxt/GEM_PT_20X_PLIP/nagative_feat/pt_files/20-28075-1.pt,1,/data_sdd/lxt/GEM_PT_20X_PLIP/positive_feat/pt_files/21-24684-4.pt,0.0,/data_sdd/lxt/GEM_PT_20X_PLIP/positive_feat/pt_files/21-24684-4.pt,0.0
/data_sdd/lxt/GEM_PT_20X_PLIP/nagative_feat/pt_files/21702903-10.pt,1,/data_sdd/lxt/GEM_PT_20X_PLIP/positive_feat/pt_files/20-02687-1.pt,0.0,/data_sdd/lxt/GEM_PT_20X_PLIP/positive_feat/pt_files/20-02687-1.pt,0.0
/data_sdd/lxt/GEM_PT_20X_PLIP/nagative_feat/pt_files/21617232-5.pt,1,/data_sdd/lxt/GEM_PT_20X_PLIP/positive_feat/pt_files/22-28820-16.pt,0.0,/data_sdd/lxt/GEM_PT_20X_PLIP/positive_feat/pt_files/22-28820-16.pt,0.0
/data_sdd/lxt/GEM_PT_20X_PLIP/nagative_feat/pt_files/21828389-7.pt,1,/data_sdd/lxt/GEM_PT_20X_PLIP/positive_feat/pt_files/21-41488-13.pt,0.0,/data_sdd/lxt/GEM_PT_20X_PLIP/positive_feat/pt_files/21-41488-13.pt,0.0
/data_sdd/lxt/GEM_PT_20X_PLIP/nagative_feat/pt_files/22-12663-1.pt,1,/data_sdd/lxt/GEM_PT_20X_PLIP/positive_feat/pt_files/21-24684-1.pt,0.0,/data_sdd/lxt/GEM_PT_20X_PLIP/positive_feat/pt_files/21-24684-1.pt,0.0
/data_sdd/lxt/GEM_PT_20X_PLIP/nagative_feat/pt_files/23-41532-18.pt,1,/data_sdd/lxt/GEM_PT_20X_PLIP/positive_feat/pt_files/22-08689-4.pt,0.0,/data_sdd/lxt/GEM_PT_20X_PLIP/positive_feat/pt_files/22-08689-4.pt,0.0
/data_sdd/lxt/GEM_PT_20X_PLIP/nagative_feat/pt_files/19-09740-3.pt,1,/data_sdd/lxt/GEM_PT_20X_PLIP/positive_feat/pt_files/21712644-5.pt,0.0,/data_sdd/lxt/GEM_PT_20X_PLIP/positive_feat/pt_files/21712644-5.pt,0.0
/data_sdd/lxt/GEM_PT_20X_PLIP/nagative_feat/pt_files/21718073-1.pt,1,/data_sdd/lxt/GEM_PT_20X_PLIP/positive_feat/pt_files/21-04594-1.pt,0.0,/data_sdd/lxt/GEM_PT_20X_PLIP/positive_feat/pt_files/21-04594-1.pt,0.0
/data_sdd/lxt/GEM_PT_20X_PLIP/nagative_feat/pt_files/23-18903-1.pt,1,/data_sdd/lxt/GEM_PT_20X_PLIP/positive_feat/pt_files/19-22720-A5.pt,0.0,/data_sdd/lxt/GEM_PT_20X_PLIP/positive_feat/pt_files/19-22720-A5.pt,0.0
/data_sdd/lxt/GEM_PT_20X_PLIP/nagative_feat/pt_files/21-06085-3.pt,1,/data_sdd/lxt/GEM_PT_20X_PLIP/positive_feat/pt_files/21712644-7.pt,0.0,/data_sdd/lxt/GEM_PT_20X_PLIP/positive_feat/pt_files/21712644-7.pt,0.0
/data_sdd/lxt/GEM_PT_20X_PLIP/nagative_feat/pt_files/22-31947-A8.pt,1,/data_sdd/lxt/GEM_PT_20X_PLIP/positive_feat/pt_files/21-26009-1.pt,0.0,/data_sdd/lxt/GEM_PT_20X_PLIP/positive_feat/pt_files/21-26009-1.pt,0.0
/data_sdd/lxt/GEM_PT_20X_PLIP/nagative_feat/pt_files/22-18055-A2.pt,1,/data_sdd/lxt/GEM_PT_20X_PLIP/positive_feat/pt_files/19-42462-1.pt,0.0,/data_sdd/lxt/GEM_PT_20X_PLIP/positive_feat/pt_files/19-42462-1.pt,0.0
/data_sdd/lxt/GEM_PT_20X_PLIP/nagative_feat/pt_files/23-04531-2.pt,1,/data_sdd/lxt/GEM_PT_20X_PLIP/positive_feat/pt_files/20-03613-2.pt,0.0,/data_sdd/lxt/GEM_PT_20X_PLIP/positive_feat/pt_files/20-03613-2.pt,0.0
/data_sdd/lxt/GEM_PT_20X_PLIP/nagative_feat/pt_files/20-06616-1.pt,1,/data_sdd/lxt/GEM_PT_20X_PLIP/positive_feat/pt_files/20-222201-13.pt,0.0,/data_sdd/lxt/GEM_PT_20X_PLIP/positive_feat/pt_files/20-222201-13.pt,0.0
/data_sdd/lxt/GEM_PT_20X_PLIP/nagative_feat/pt_files/23-09860-4.pt,1,/data_sdd/lxt/GEM_PT_20X_PLIP/positive_feat/pt_files/21-21091-29.pt,0.0,/data_sdd/lxt/GEM_PT_20X_PLIP/positive_feat/pt_files/21-21091-29.pt,0.0
/data_sdd/lxt/GEM_PT_20X_PLIP/nagative_feat/pt_files/22-27047-4.pt,1,/data_sdd/lxt/GEM_PT_20X_PLIP/positive_feat/pt_files/22-41886-A2.pt,0.0,/data_sdd/lxt/GEM_PT_20X_PLIP/positive_feat/pt_files/22-41886-A2.pt,0.0
/data_sdd/lxt/GEM_PT_20X_PLIP/nagative_feat/pt_files/20-05890-6.pt,1,/data_sdd/lxt/GEM_PT_20X_PLIP/positive_feat/pt_files/20-18155-6.pt,0.0,/data_sdd/lxt/GEM_PT_20X_PLIP/positive_feat/pt_files/20-18155-6.pt,0.0
/data_sdd/lxt/GEM_PT_20X_PLIP/nagative_feat/pt_files/22-31542-2.pt,1,/data_sdd/lxt/GEM_PT_20X_PLIP/positive_feat/pt_files/22-38441-4.pt,0.0,/data_sdd/lxt/GEM_PT_20X_PLIP/positive_feat/pt_files/22-38441-4.pt,0.0
/data_sdd/lxt/GEM_PT_20X_PLIP/nagative_feat/pt_files/23-00991-4.pt,1,/data_sdd/lxt/GEM_PT_20X_PLIP/positive_feat/pt_files/21-10047-12.pt,0.0,/data_sdd/lxt/GEM_PT_20X_PLIP/positive_feat/pt_files/21-10047-12.pt,0.0
/data_sdd/lxt/GEM_PT_20X_PLIP/nagative_feat/pt_files/22-12490-20.pt,1,/data_sdd/lxt/GEM_PT_20X_PLIP/positive_feat/pt_files/21-32274-17.pt,0.0,/data_sdd/lxt/GEM_PT_20X_PLIP/positive_feat/pt_files/21-32274-17.pt,0.0
/data_sdd/lxt/GEM_PT_20X_PLIP/nagative_feat/pt_files/22-04466-3.pt,1,/data_sdd/lxt/GEM_PT_20X_PLIP/positive_feat/pt_files/21804206-5.pt,0.0,/data_sdd/lxt/GEM_PT_20X_PLIP/positive_feat/pt_files/21804206-5.pt,0.0
/data_sdd/lxt/GEM_PT_20X_PLIP/nagative_feat/pt_files/21-20582-1.pt,1,/data_sdd/lxt/GEM_PT_20X_PLIP/positive_feat/pt_files/21900222-3.pt,0.0,/data_sdd/lxt/GEM_PT_20X_PLIP/positive_feat/pt_files/21900222-3.pt,0.0
/data_sdd/lxt/GEM_PT_20X_PLIP/nagative_feat/pt_files/23-27057-23.pt,1,/data_sdd/lxt/GEM_PT_20X_PLIP/positive_feat/pt_files/20-07436-11.pt,0.0,/data_sdd/lxt/GEM_PT_20X_PLIP/positive_feat/pt_files/20-07436-11.pt,0.0
/data_sdd/lxt/GEM_PT_20X_PLIP/nagative_feat/pt_files/22-25538-2.pt,1,/data_sdd/lxt/GEM_PT_20X_PLIP/positive_feat/pt_files/22-17027-21.pt,0.0,/data_sdd/lxt/GEM_PT_20X_PLIP/positive_feat/pt_files/22-17027-21.pt,0.0
/data_sdd/lxt/GEM_PT_20X_PLIP/nagative_feat/pt_files/21822294-1.pt,1,/data_sdd/lxt/GEM_PT_20X_PLIP/positive_feat/pt_files/20-19493-2.pt,0.0,/data_sdd/lxt/GEM_PT_20X_PLIP/positive_feat/pt_files/20-19493-2.pt,0.0
/data_sdd/lxt/GEM_PT_20X_PLIP/nagative_feat/pt_files/23-20572-1.pt,1,/data_sdd/lxt/GEM_PT_20X_PLIP/positive_feat/pt_files/21703376-3.pt,0.0,/data_sdd/lxt/GEM_PT_20X_PLIP/positive_feat/pt_files/21703376-3.pt,0.0
/data_sdd/lxt/GEM_PT_20X_PLIP/nagative_feat/pt_files/21804487-4.pt,1,/data_sdd/lxt/GEM_PT_20X_PLIP/positive_feat/pt_files/21-10047-16.pt,0.0,/data_sdd/lxt/GEM_PT_20X_PLIP/positive_feat/pt_files/21-10047-16.pt,0.0
/data_sdd/lxt/GEM_PT_20X_PLIP/nagative_feat/pt_files/21719991-2.pt,1,/data_sdd/lxt/GEM_PT_20X_PLIP/positive_feat/pt_files/22-00204-16.pt,0.0,/data_sdd/lxt/GEM_PT_20X_PLIP/positive_feat/pt_files/22-00204-16.pt,0.0
/data_sdd/lxt/GEM_PT_20X_PLIP/nagative_feat/pt_files/21604574-5.pt,1,/data_sdd/lxt/GEM_PT_20X_PLIP/positive_feat/pt_files/21828830-4.pt,0.0,/data_sdd/lxt/GEM_PT_20X_PLIP/positive_feat/pt_files/21828830-4.pt,0.0
/data_sdd/lxt/GEM_PT_20X_PLIP/nagative_feat/pt_files/22-42498-1.pt,1,/data_sdd/lxt/GEM_PT_20X_PLIP/positive_feat/pt_files/21622374-6.pt,0.0,/data_sdd/lxt/GEM_PT_20X_PLIP/positive_feat/pt_files/21622374-6.pt,0.0
/data_sdd/lxt/GEM_PT_20X_PLIP/nagative_feat/pt_files/23-07360-12.pt,1,/data_sdd/lxt/GEM_PT_20X_PLIP/positive_feat/pt_files/21709104-15.pt,0.0,/data_sdd/lxt/GEM_PT_20X_PLIP/positive_feat/pt_files/21709104-15.pt,0.0
/data_sdd/lxt/GEM_PT_20X_PLIP/nagative_feat/pt_files/22-34522-4.pt,1,/data_sdd/lxt/GEM_PT_20X_PLIP/positive_feat/pt_files/21-09136-4.pt,0.0,/data_sdd/lxt/GEM_PT_20X_PLIP/positive_feat/pt_files/21-09136-4.pt,0.0
/data_sdd/lxt/GEM_PT_20X_PLIP/nagative_feat/pt_files/19-05636-2.pt,1,/data_sdd/lxt/GEM_PT_20X_PLIP/positive_feat/pt_files/21-40777-1.pt,0.0,/data_sdd/lxt/GEM_PT_20X_PLIP/positive_feat/pt_files/21-40777-1.pt,0.0
/data_sdd/lxt/GEM_PT_20X_PLIP/nagative_feat/pt_files/19-36866-A1.pt,1,/data_sdd/lxt/GEM_PT_20X_PLIP/positive_feat/pt_files/21-02865-2.pt,0.0,/data_sdd/lxt/GEM_PT_20X_PLIP/positive_feat/pt_files/21-02865-2.pt,0.0
/data_sdd/lxt/GEM_PT_20X_PLIP/nagative_feat/pt_files/23-17826-2.pt,1,/data_sdd/lxt/GEM_PT_20X_PLIP/positive_feat/pt_files/21-17988-6.pt,0.0,/data_sdd/lxt/GEM_PT_20X_PLIP/positive_feat/pt_files/21-17988-6.pt,0.0
/data_sdd/lxt/GEM_PT_20X_PLIP/nagative_feat/pt_files/21-43271-4.pt,1,/data_sdd/lxt/GEM_PT_20X_PLIP/positive_feat/pt_files/20-01175-10.pt,0.0,/data_sdd/lxt/GEM_PT_20X_PLIP/positive_feat/pt_files/20-01175-10.pt,0.0
/data_sdd/lxt/GEM_PT_20X_PLIP/nagative_feat/pt_files/22-21646-2.pt,1,/data_sdd/lxt/GEM_PT_20X_PLIP/positive_feat/pt_files/20-25507-4.pt,0.0,/data_sdd/lxt/GEM_PT_20X_PLIP/positive_feat/pt_files/20-25507-4.pt,0.0
/data_sdd/lxt/GEM_PT_20X_PLIP/nagative_feat/pt_files/19-17382-6.pt,1,/data_sdd/lxt/GEM_PT_20X_PLIP/positive_feat/pt_files/20-01978-2.pt,0.0,/data_sdd/lxt/GEM_PT_20X_PLIP/positive_feat/pt_files/20-01978-2.pt,0.0
/data_sdd/lxt/GEM_PT_20X_PLIP/nagative_feat/pt_files/23-28385-7.pt,1,/data_sdd/lxt/GEM_PT_20X_PLIP/positive_feat/pt_files/21720221-1.pt,0.0,/data_sdd/lxt/GEM_PT_20X_PLIP/positive_feat/pt_files/21720221-1.pt,0.0
/data_sdd/lxt/GEM_PT_20X_PLIP/nagative_feat/pt_files/20-14609-2.pt,1,/data_sdd/lxt/GEM_PT_20X_PLIP/positive_feat/pt_files/21-10047-13.pt,0.0,/data_sdd/lxt/GEM_PT_20X_PLIP/positive_feat/pt_files/21-10047-13.pt,0.0
/data_sdd/lxt/GEM_PT_20X_PLIP/nagative_feat/pt_files/22-25081-8.pt,1,/data_sdd/lxt/GEM_PT_20X_PLIP/positive_feat/pt_files/21823519-8.pt,0.0,/data_sdd/lxt/GEM_PT_20X_PLIP/positive_feat/pt_files/21823519-8.pt,0.0
/data_sdd/lxt/GEM_PT_20X_PLIP/nagative_feat/pt_files/23-07717-1.pt,1,/data_sdd/lxt/GEM_PT_20X_PLIP/positive_feat/pt_files/21723296-1.pt,0.0,/data_sdd/lxt/GEM_PT_20X_PLIP/positive_feat/pt_files/21723296-1.pt,0.0
/data_sdd/lxt/GEM_PT_20X_PLIP/nagative_feat/pt_files/22-37499-7.pt,1,/data_sdd/lxt/GEM_PT_20X_PLIP/positive_feat/pt_files/22-00204-2.pt,0.0,/data_sdd/lxt/GEM_PT_20X_PLIP/positive_feat/pt_files/22-00204-2.pt,0.0
/data_sdd/lxt/GEM_PT_20X_PLIP/nagative_feat/pt_files/19-12922-2.pt,1,/data_sdd/lxt/GEM_PT_20X_PLIP/positive_feat/pt_files/20-01175-14.pt,0.0,/data_sdd/lxt/GEM_PT_20X_PLIP/positive_feat/pt_files/20-01175-14.pt,0.0
/data_sdd/lxt/GEM_PT_20X_PLIP/nagative_feat/pt_files/19-13925-1.pt,1,/data_sdd/lxt/GEM_PT_20X_PLIP/positive_feat/pt_files/21-18788-A3.pt,0.0,/data_sdd/lxt/GEM_PT_20X_PLIP/positive_feat/pt_files/21-18788-A3.pt,0.0
/data_sdd/lxt/GEM_PT_20X_PLIP/nagative_feat/pt_files/21610323-2.pt,1,/data_sdd/lxt/GEM_PT_20X_PLIP/positive_feat/pt_files/21729036-3.pt,0.0,/data_sdd/lxt/GEM_PT_20X_PLIP/positive_feat/pt_files/21729036-3.pt,0.0
/data_sdd/lxt/GEM_PT_20X_PLIP/nagative_feat/pt_files/23-11826-2.pt,1,/data_sdd/lxt/GEM_PT_20X_PLIP/positive_feat/pt_files/21611943-9.pt,0.0,/data_sdd/lxt/GEM_PT_20X_PLIP/positive_feat/pt_files/21611943-9.pt,0.0
/data_sdd/lxt/GEM_PT_20X_PLIP/nagative_feat/pt_files/19-26215-2.pt,1,/data_sdd/lxt/GEM_PT_20X_PLIP/positive_feat/pt_files/22-41342-10.pt,0.0,/data_sdd/lxt/GEM_PT_20X_PLIP/positive_feat/pt_files/22-41342-10.pt,0.0
/data_sdd/lxt/GEM_PT_20X_PLIP/nagative_feat/pt_files/22-16352-3.pt,1,/data_sdd/lxt/GEM_PT_20X_PLIP/positive_feat/pt_files/21-31167-2.pt,0.0,/data_sdd/lxt/GEM_PT_20X_PLIP/positive_feat/pt_files/21-31167-2.pt,0.0
/data_sdd/lxt/GEM_PT_20X_PLIP/nagative_feat/pt_files/22-26806-4.pt,1,/data_sdd/lxt/GEM_PT_20X_PLIP/positive_feat/pt_files/20-12779-A1.pt,0.0,/data_sdd/lxt/GEM_PT_20X_PLIP/positive_feat/pt_files/20-12779-A1.pt,0.0
/data_sdd/lxt/GEM_PT_20X_PLIP/nagative_feat/pt_files/21618996-6.pt,1,/data_sdd/lxt/GEM_PT_20X_PLIP/positive_feat/pt_files/21-26009-2.pt,0.0,/data_sdd/lxt/GEM_PT_20X_PLIP/positive_feat/pt_files/21-26009-2.pt,0.0
/data_sdd/lxt/GEM_PT_20X_PLIP/nagative_feat/pt_files/21900977-4.pt,1,/data_sdd/lxt/GEM_PT_20X_PLIP/positive_feat/pt_files/20-18155-7.pt,0.0,/data_sdd/lxt/GEM_PT_20X_PLIP/positive_feat/pt_files/20-18155-7.pt,0.0
/data_sdd/lxt/GEM_PT_20X_PLIP/nagative_feat/pt_files/19-38705-5.pt,1,/data_sdd/lxt/GEM_PT_20X_PLIP/positive_feat/pt_files/21717698-5.pt,0.0,/data_sdd/lxt/GEM_PT_20X_PLIP/positive_feat/pt_files/21717698-5.pt,0.0
/data_sdd/lxt/GEM_PT_20X_PLIP/nagative_feat/pt_files/21822264-10.pt,1,/data_sdd/lxt/GEM_PT_20X_PLIP/positive_feat/pt_files/21709104-4.pt,0.0,/data_sdd/lxt/GEM_PT_20X_PLIP/positive_feat/pt_files/21709104-4.pt,0.0
/data_sdd/lxt/GEM_PT_20X_PLIP/nagative_feat/pt_files/22-09972-1.pt,1,/data_sdd/lxt/GEM_PT_20X_PLIP/positive_feat/pt_files/20-18262-8.pt,0.0,/data_sdd/lxt/GEM_PT_20X_PLIP/positive_feat/pt_files/20-18262-8.pt,0.0
/data_sdd/lxt/GEM_PT_20X_PLIP/nagative_feat/pt_files/21826900-1.pt,1,/data_sdd/lxt/GEM_PT_20X_PLIP/positive_feat/pt_files/21-09015-26.pt,0.0,/data_sdd/lxt/GEM_PT_20X_PLIP/positive_feat/pt_files/21-09015-26.pt,0.0
/data_sdd/lxt/GEM_PT_20X_PLIP/nagative_feat/pt_files/21801039-1.pt,1,/data_sdd/lxt/GEM_PT_20X_PLIP/positive_feat/pt_files/21709104-5.pt,0.0,/data_sdd/lxt/GEM_PT_20X_PLIP/positive_feat/pt_files/21709104-5.pt,0.0
/data_sdd/lxt/GEM_PT_20X_PLIP/nagative_feat/pt_files/19-03075-4.pt,1,,,,
/data_sdd/lxt/GEM_PT_20X_PLIP/nagative_feat/pt_files/21825240-3.pt,1,,,,
/data_sdd/lxt/GEM_PT_20X_PLIP/nagative_feat/pt_files/20-28678-A1.pt,1,,,,
/data_sdd/lxt/GEM_PT_20X_PLIP/nagative_feat/pt_files/21-26430-4.pt,1,,,,
/data_sdd/lxt/GEM_PT_20X_PLIP/nagative_feat/pt_files/21-04164-3.pt,1,,,,
/data_sdd/lxt/GEM_PT_20X_PLIP/nagative_feat/pt_files/21-07178-2.pt,1,,,,
/data_sdd/lxt/GEM_PT_20X_PLIP/nagative_feat/pt_files/21-13614-8.pt,1,,,,
/data_sdd/lxt/GEM_PT_20X_PLIP/nagative_feat/pt_files/19-11177-3.pt,1,,,,
/data_sdd/lxt/GEM_PT_20X_PLIP/nagative_feat/pt_files/21602583-8.pt,1,,,,
/data_sdd/lxt/GEM_PT_20X_PLIP/nagative_feat/pt_files/19-01418-16.pt,1,,,,
/data_sdd/lxt/GEM_PT_20X_PLIP/nagative_feat/pt_files/21615912-1.pt,1,,,,
/data_sdd/lxt/GEM_PT_20X_PLIP/nagative_feat/pt_files/23-31204-B2.pt,1,,,,
/data_sdd/lxt/GEM_PT_20X_PLIP/nagative_feat/pt_files/20-20017-2.pt,1,,,,
/data_sdd/lxt/GEM_PT_20X_PLIP/nagative_feat/pt_files/20-17988-3.pt,1,,,,
/data_sdd/lxt/GEM_PT_20X_PLIP/nagative_feat/pt_files/23-01105-1.pt,1,,,,
/data_sdd/lxt/GEM_PT_20X_PLIP/nagative_feat/pt_files/21610248-2.pt,1,,,,
/data_sdd/lxt/GEM_PT_20X_PLIP/nagative_feat/pt_files/22-36189-B5.pt,1,,,,
/data_sdd/lxt/GEM_PT_20X_PLIP/nagative_feat/pt_files/23-14850-B2.pt,1,,,,
/data_sdd/lxt/GEM_PT_20X_PLIP/nagative_feat/pt_files/22-32374-B1.pt,1,,,,
/data_sdd/lxt/GEM_PT_20X_PLIP/nagative_feat/pt_files/19-32426-A1.pt,1,,,,
/data_sdd/lxt/GEM_PT_20X_PLIP/nagative_feat/pt_files/23-08782-2.pt,1,,,,
/data_sdd/lxt/GEM_PT_20X_PLIP/nagative_feat/pt_files/20-08568-1.pt,1,,,,
/data_sdd/lxt/GEM_PT_20X_PLIP/nagative_feat/pt_files/23-42829-2.pt,1,,,,
/data_sdd/lxt/GEM_PT_20X_PLIP/nagative_feat/pt_files/23-32984-13.pt,1,,,,
/data_sdd/lxt/GEM_PT_20X_PLIP/nagative_feat/pt_files/21-16308-10.pt,1,,,,
/data_sdd/lxt/GEM_PT_20X_PLIP/nagative_feat/pt_files/21807026-2.pt,1,,,,
/data_sdd/lxt/GEM_PT_20X_PLIP/nagative_feat/pt_files/23-27277-1.pt,1,,,,
/data_sdd/lxt/GEM_PT_20X_PLIP/nagative_feat/pt_files/21-13686-1.pt,1,,,,
/data_sdd/lxt/GEM_PT_20X_PLIP/nagative_feat/pt_files/21723174-3.pt,1,,,,
/data_sdd/lxt/GEM_PT_20X_PLIP/nagative_feat/pt_files/22-41792-2.pt,1,,,,
/data_sdd/lxt/GEM_PT_20X_PLIP/nagative_feat/pt_files/21720593-14.pt,1,,,,
/data_sdd/lxt/GEM_PT_20X_PLIP/nagative_feat/pt_files/21-01784-4.pt,1,,,,
/data_sdd/lxt/GEM_PT_20X_PLIP/nagative_feat/pt_files/21615488-2.pt,1,,,,
/data_sdd/lxt/GEM_PT_20X_PLIP/nagative_feat/pt_files/23-08374-3.pt,1,,,,
/data_sdd/lxt/GEM_PT_20X_PLIP/nagative_feat/pt_files/21813045-11.pt,1,,,,
/data_sdd/lxt/GEM_PT_20X_PLIP/nagative_feat/pt_files/23-39601-2.pt,1,,,,
/data_sdd/lxt/GEM_PT_20X_PLIP/nagative_feat/pt_files/23-00177-1.pt,1,,,,
/data_sdd/lxt/GEM_PT_20X_PLIP/nagative_feat/pt_files/19-23044-3.pt,1,,,,
/data_sdd/lxt/GEM_PT_20X_PLIP/nagative_feat/pt_files/19-32504-5.pt,1,,,,
/data_sdd/lxt/GEM_PT_20X_PLIP/nagative_feat/pt_files/21608692-3.pt,1,,,,
/data_sdd/lxt/GEM_PT_20X_PLIP/nagative_feat/pt_files/23-32588-2.pt,1,,,,
/data_sdd/lxt/GEM_PT_20X_PLIP/nagative_feat/pt_files/23-23912-1.pt,1,,,,
/data_sdd/lxt/GEM_PT_20X_PLIP/nagative_feat/pt_files/22-36197-B1.pt,1,,,,
/data_sdd/lxt/GEM_PT_20X_PLIP/nagative_feat/pt_files/22-32035-1.pt,1,,,,
/data_sdd/lxt/GEM_PT_20X_PLIP/nagative_feat/pt_files/22-41695-A2.pt,1,,,,
/data_sdd/lxt/GEM_PT_20X_PLIP/nagative_feat/pt_files/20-04313-1.pt,1,,,,
/data_sdd/lxt/GEM_PT_20X_PLIP/nagative_feat/pt_files/20-14418-5.pt,1,,,,
/data_sdd/lxt/GEM_PT_20X_PLIP/nagative_feat/pt_files/21-37518-B3.pt,1,,,,
/data_sdd/lxt/GEM_PT_20X_PLIP/nagative_feat/pt_files/21-33051-2.pt,1,,,,
/data_sdd/lxt/GEM_PT_20X_PLIP/nagative_feat/pt_files/19-24907-18.pt,1,,,,
/data_sdd/lxt/GEM_PT_20X_PLIP/nagative_feat/pt_files/21721935-1.pt,1,,,,
/data_sdd/lxt/GEM_PT_20X_PLIP/nagative_feat/pt_files/23-32796-3.pt,1,,,,
/data_sdd/lxt/GEM_PT_20X_PLIP/nagative_feat/pt_files/19-03693-9.pt,1,,,,
/data_sdd/lxt/GEM_PT_20X_PLIP/nagative_feat/pt_files/19-09318-1.pt,1,,,,
/data_sdd/lxt/GEM_PT_20X_PLIP/nagative_feat/pt_files/21704666-9.pt,1,,,,
/data_sdd/lxt/GEM_PT_20X_PLIP/nagative_feat/pt_files/23-01085-1.pt,1,,,,
/data_sdd/lxt/GEM_PT_20X_PLIP/nagative_feat/pt_files/21-08599-1.pt,1,,,,
/data_sdd/lxt/GEM_PT_20X_PLIP/nagative_feat/pt_files/23-42732-3.pt,1,,,,
/data_sdd/lxt/GEM_PT_20X_PLIP/nagative_feat/pt_files/23-14654-1.pt,1,,,,
/data_sdd/lxt/GEM_PT_20X_PLIP/nagative_feat/pt_files/21-30123-B4.pt,1,,,,
/data_sdd/lxt/GEM_PT_20X_PLIP/nagative_feat/pt_files/22-21863-6.pt,1,,,,
/data_sdd/lxt/GEM_PT_20X_PLIP/nagative_feat/pt_files/21-36231-B2.pt,1,,,,
/data_sdd/lxt/GEM_PT_20X_PLIP/nagative_feat/pt_files/21-20316-1.pt,1,,,,
/data_sdd/lxt/GEM_PT_20X_PLIP/nagative_feat/pt_files/21716629-1.pt,1,,,,
/data_sdd/lxt/GEM_PT_20X_PLIP/nagative_feat/pt_files/21-06575-4.pt,1,,,,
/data_sdd/lxt/GEM_PT_20X_PLIP/nagative_feat/pt_files/21718227-1.pt,1,,,,
/data_sdd/lxt/GEM_PT_20X_PLIP/nagative_feat/pt_files/22-41695-B1.pt,1,,,,
/data_sdd/lxt/GEM_PT_20X_PLIP/nagative_feat/pt_files/21607179-2.pt,1,,,,
/data_sdd/lxt/GEM_PT_20X_PLIP/nagative_feat/pt_files/19-41389-5.pt,1,,,,
/data_sdd/lxt/GEM_PT_20X_PLIP/nagative_feat/pt_files/22-38112-1.pt,1,,,,
/data_sdd/lxt/GEM_PT_20X_PLIP/nagative_feat/pt_files/22-34701-4.pt,1,,,,
/data_sdd/lxt/GEM_PT_20X_PLIP/nagative_feat/pt_files/19-11424-A3.pt,1,,,,
/data_sdd/lxt/GEM_PT_20X_PLIP/nagative_feat/pt_files/22-11151-1.pt,1,,,,
/data_sdd/lxt/GEM_PT_20X_PLIP/nagative_feat/pt_files/21712975-3.pt,1,,,,
/data_sdd/lxt/GEM_PT_20X_PLIP/nagative_feat/pt_files/21800205-1.pt,1,,,,
/data_sdd/lxt/GEM_PT_20X_PLIP/nagative_feat/pt_files/23-10933-8.pt,1,,,,
/data_sdd/lxt/GEM_PT_20X_PLIP/nagative_feat/pt_files/21623789-2.pt,1,,,,
/data_sdd/lxt/GEM_PT_20X_PLIP/nagative_feat/pt_files/21-41872-A1.pt,1,,,,
/data_sdd/lxt/GEM_PT_20X_PLIP/nagative_feat/pt_files/21622244-4.pt,1,,,,
/data_sdd/lxt/GEM_PT_20X_PLIP/nagative_feat/pt_files/21-38967-5.pt,1,,,,
/data_sdd/lxt/GEM_PT_20X_PLIP/nagative_feat/pt_files/21-41583-B1.pt,1,,,,
/data_sdd/lxt/GEM_PT_20X_PLIP/nagative_feat/pt_files/21811842-4.pt,1,,,,
/data_sdd/lxt/GEM_PT_20X_PLIP/nagative_feat/pt_files/23-32580-A7.pt,1,,,,
/data_sdd/lxt/GEM_PT_20X_PLIP/nagative_feat/pt_files/23-27160-19.pt,1,,,,
/data_sdd/lxt/GEM_PT_20X_PLIP/nagative_feat/pt_files/21620132-5.pt,1,,,,
/data_sdd/lxt/GEM_PT_20X_PLIP/nagative_feat/pt_files/19-32793-3.pt,1,,,,
/data_sdd/lxt/GEM_PT_20X_PLIP/nagative_feat/pt_files/19-28033-1.pt,1,,,,
/data_sdd/lxt/GEM_PT_20X_PLIP/nagative_feat/pt_files/23-32047-1.pt,1,,,,
/data_sdd/lxt/GEM_PT_20X_PLIP/nagative_feat/pt_files/19-21957-2.pt,1,,,,
/data_sdd/lxt/GEM_PT_20X_PLIP/nagative_feat/pt_files/21623833-2.pt,1,,,,
/data_sdd/lxt/GEM_PT_20X_PLIP/nagative_feat/pt_files/19-13925-2.pt,1,,,,
/data_sdd/lxt/GEM_PT_20X_PLIP/nagative_feat/pt_files/20-22595-3.pt,1,,,,
/data_sdd/lxt/GEM_PT_20X_PLIP/nagative_feat/pt_files/23-16477-3.pt,1,,,,
/data_sdd/lxt/GEM_PT_20X_PLIP/nagative_feat/pt_files/22-23079-1.pt,1,,,,
/data_sdd/lxt/GEM_PT_20X_PLIP/nagative_feat/pt_files/20-13621-11.pt,1,,,,
/data_sdd/lxt/GEM_PT_20X_PLIP/nagative_feat/pt_files/21833586-4.pt,1,,,,
/data_sdd/lxt/GEM_PT_20X_PLIP/nagative_feat/pt_files/19-21423-1.pt,1,,,,
/data_sdd/lxt/GEM_PT_20X_PLIP/nagative_feat/pt_files/19-11665-2.pt,1,,,,
/data_sdd/lxt/GEM_PT_20X_PLIP/nagative_feat/pt_files/19-30835-B.pt,1,,,,
/data_sdd/lxt/GEM_PT_20X_PLIP/nagative_feat/pt_files/22-00472-3.pt,1,,,,
/data_sdd/lxt/GEM_PT_20X_PLIP/nagative_feat/pt_files/22-05933-H2.pt,1,,,,
/data_sdd/lxt/GEM_PT_20X_PLIP/nagative_feat/pt_files/19-40187-2.pt,1,,,,
/data_sdd/lxt/GEM_PT_20X_PLIP/nagative_feat/pt_files/21-06904-2.pt,1,,,,
/data_sdd/lxt/GEM_PT_20X_PLIP/nagative_feat/pt_files/21-10105-8.pt,1,,,,
/data_sdd/lxt/GEM_PT_20X_PLIP/nagative_feat/pt_files/23-10933-1.pt,1,,,,
/data_sdd/lxt/GEM_PT_20X_PLIP/nagative_feat/pt_files/22-42775-1.pt,1,,,,
/data_sdd/lxt/GEM_PT_20X_PLIP/nagative_feat/pt_files/20-23939-26.pt,1,,,,
/data_sdd/lxt/GEM_PT_20X_PLIP/nagative_feat/pt_files/22-24211-2.pt,1,,,,
/data_sdd/lxt/GEM_PT_20X_PLIP/nagative_feat/pt_files/22-43150-3.pt,1,,,,
/data_sdd/lxt/GEM_PT_20X_PLIP/nagative_feat/pt_files/22-32374-A1.pt,1,,,,
/data_sdd/lxt/GEM_PT_20X_PLIP/nagative_feat/pt_files/22-21261-B1.pt,1,,,,
/data_sdd/lxt/GEM_PT_20X_PLIP/nagative_feat/pt_files/23-09277-3.pt,1,,,,
/data_sdd/lxt/GEM_PT_20X_PLIP/nagative_feat/pt_files/23-36100-3.pt,1,,,,
/data_sdd/lxt/GEM_PT_20X_PLIP/nagative_feat/pt_files/23-33143-2.pt,1,,,,
/data_sdd/lxt/GEM_PT_20X_PLIP/nagative_feat/pt_files/22-22481-A1.pt,1,,,,
/data_sdd/lxt/GEM_PT_20X_PLIP/nagative_feat/pt_files/22-30017-1.pt,1,,,,
/data_sdd/lxt/GEM_PT_20X_PLIP/nagative_feat/pt_files/19-15656-2.pt,1,,,,
/data_sdd/lxt/GEM_PT_20X_PLIP/nagative_feat/pt_files/21723990-8.pt,1,,,,
/data_sdd/lxt/GEM_PT_20X_PLIP/nagative_feat/pt_files/20-08655-2.pt,1,,,,
/data_sdd/lxt/GEM_PT_20X_PLIP/nagative_feat/pt_files/21616662-4.pt,1,,,,
/data_sdd/lxt/GEM_PT_20X_PLIP/nagative_feat/pt_files/19-19628-7.pt,1,,,,
/data_sdd/lxt/GEM_PT_20X_PLIP/nagative_feat/pt_files/21-13916-1.pt,1,,,,
/data_sdd/lxt/GEM_PT_20X_PLIP/nagative_feat/pt_files/21730600-1.pt,1,,,,
/data_sdd/lxt/GEM_PT_20X_PLIP/nagative_feat/pt_files/20-03796-1.pt,1,,,,
/data_sdd/lxt/GEM_PT_20X_PLIP/nagative_feat/pt_files/22-36970-B1.pt,1,,,,
/data_sdd/lxt/GEM_PT_20X_PLIP/nagative_feat/pt_files/21708853-2.pt,1,,,,
/data_sdd/lxt/GEM_PT_20X_PLIP/nagative_feat/pt_files/21-31473-A1.pt,1,,,,
/data_sdd/lxt/GEM_PT_20X_PLIP/nagative_feat/pt_files/20-29579-14.pt,1,,,,
/data_sdd/lxt/GEM_PT_20X_PLIP/nagative_feat/pt_files/22-13971-B2.pt,1,,,,
/data_sdd/lxt/GEM_PT_20X_PLIP/nagative_feat/pt_files/23-20549-1.pt,1,,,,
/data_sdd/lxt/GEM_PT_20X_PLIP/nagative_feat/pt_files/20-30302-2.pt,1,,,,
/data_sdd/lxt/GEM_PT_20X_PLIP/nagative_feat/pt_files/22-37496-1.pt,1,,,,
/data_sdd/lxt/GEM_PT_20X_PLIP/nagative_feat/pt_files/22-21641-2.pt,1,,,,
/data_sdd/lxt/GEM_PT_20X_PLIP/nagative_feat/pt_files/22-10035-1.pt,1,,,,
/data_sdd/lxt/GEM_PT_20X_PLIP/nagative_feat/pt_files/21700369-4.pt,1,,,,
/data_sdd/lxt/GEM_PT_20X_PLIP/nagative_feat/pt_files/21-06521-4.pt,1,,,,
/data_sdd/lxt/GEM_PT_20X_PLIP/nagative_feat/pt_files/23-18456-2.pt,1,,,,
/data_sdd/lxt/GEM_PT_20X_PLIP/nagative_feat/pt_files/21-14776-10.pt,1,,,,
/data_sdd/lxt/GEM_PT_20X_PLIP/nagative_feat/pt_files/23-37652-16.pt,1,,,,
/data_sdd/lxt/GEM_PT_20X_PLIP/nagative_feat/pt_files/19-08849-1.pt,1,,,,
/data_sdd/lxt/GEM_PT_20X_PLIP/nagative_feat/pt_files/23-38323-1.pt,1,,,,
/data_sdd/lxt/GEM_PT_20X_PLIP/nagative_feat/pt_files/19-12922-7.pt,1,,,,
/data_sdd/lxt/GEM_PT_20X_PLIP/nagative_feat/pt_files/21-07950-1.pt,1,,,,
/data_sdd/lxt/GEM_PT_20X_PLIP/nagative_feat/pt_files/21825156-1.pt,1,,,,
/data_sdd/lxt/GEM_PT_20X_PLIP/nagative_feat/pt_files/22-38954-8.pt,1,,,,
/data_sdd/lxt/GEM_PT_20X_PLIP/nagative_feat/pt_files/23-23297-6.pt,1,,,,
/data_sdd/lxt/GEM_PT_20X_PLIP/positive_feat/pt_files/20-03166-22.pt,0,,,,
/data_sdd/lxt/GEM_PT_20X_PLIP/positive_feat/pt_files/21-21091-4.pt,0,,,,
/data_sdd/lxt/GEM_PT_20X_PLIP/positive_feat/pt_files/21-28984-4.pt,0,,,,
/data_sdd/lxt/GEM_PT_20X_PLIP/positive_feat/pt_files/22-00204-6.pt,0,,,,
/data_sdd/lxt/GEM_PT_20X_PLIP/positive_feat/pt_files/21621627-1.pt,0,,,,
/data_sdd/lxt/GEM_PT_20X_PLIP/positive_feat/pt_files/20-02687-3.pt,0,,,,
/data_sdd/lxt/GEM_PT_20X_PLIP/positive_feat/pt_files/20-18155-10.pt,0,,,,
/data_sdd/lxt/GEM_PT_20X_PLIP/positive_feat/pt_files/19-28506-5.pt,0,,,,
/data_sdd/lxt/GEM_PT_20X_PLIP/positive_feat/pt_files/21828830-9.pt,0,,,,
/data_sdd/lxt/GEM_PT_20X_PLIP/positive_feat/pt_files/21830891-1.pt,0,,,,
/data_sdd/lxt/GEM_PT_20X_PLIP/positive_feat/pt_files/20-19493-1.pt,0,,,,
/data_sdd/lxt/GEM_PT_20X_PLIP/positive_feat/pt_files/21811524-3.pt,0,,,,
/data_sdd/lxt/GEM_PT_20X_PLIP/positive_feat/pt_files/20-01978-10.pt,0,,,,
/data_sdd/lxt/GEM_PT_20X_PLIP/positive_feat/pt_files/21-21091-11.pt,0,,,,
/data_sdd/lxt/GEM_PT_20X_PLIP/positive_feat/pt_files/22-28820-7.pt,0,,,,
/data_sdd/lxt/GEM_PT_20X_PLIP/positive_feat/pt_files/21720221-12.pt,0,,,,
/data_sdd/lxt/GEM_PT_20X_PLIP/positive_feat/pt_files/21-09136-7.pt,0,,,,
/data_sdd/lxt/GEM_PT_20X_PLIP/positive_feat/pt_files/20-23367-9.pt,0,,,,
/data_sdd/lxt/GEM_PT_20X_PLIP/positive_feat/pt_files/22-38831-1.pt,0,,,,
/data_sdd/lxt/GEM_PT_20X_PLIP/positive_feat/pt_files/22-43153-1.pt,0,,,,
/data_sdd/lxt/GEM_PT_20X_PLIP/positive_feat/pt_files/20-12790-5.pt,0,,,,
/data_sdd/lxt/GEM_PT_20X_PLIP/positive_feat/pt_files/22-08689-9.pt,0,,,,
/data_sdd/lxt/GEM_PT_20X_PLIP/positive_feat/pt_files/21-21091-2.pt,0,,,,
/data_sdd/lxt/GEM_PT_20X_PLIP/positive_feat/pt_files/22-28820-3.pt,0,,,,
/data_sdd/lxt/GEM_PT_20X_PLIP/positive_feat/pt_files/19-28506-12.pt,0,,,,
/data_sdd/lxt/GEM_PT_20X_PLIP/positive_feat/pt_files/21801671-9.pt,0,,,,
/data_sdd/lxt/GEM_PT_20X_PLIP/positive_feat/pt_files/21801671-2.pt,0,,,,
/data_sdd/lxt/GEM_PT_20X_PLIP/positive_feat/pt_files/21-37246-20.pt,0,,,,
/data_sdd/lxt/GEM_PT_20X_PLIP/positive_feat/pt_files/22-41342-8.pt,0,,,,
/data_sdd/lxt/GEM_PT_20X_PLIP/positive_feat/pt_files/21-45974-26.pt,0,,,,
/data_sdd/lxt/GEM_PT_20X_PLIP/positive_feat/pt_files/21-15656-11.pt,0,,,,
/data_sdd/lxt/GEM_PT_20X_PLIP/positive_feat/pt_files/22-07390-1.pt,0,,,,
/data_sdd/lxt/GEM_PT_20X_PLIP/positive_feat/pt_files/20-12790-4.pt,0,,,,
/data_sdd/lxt/GEM_PT_20X_PLIP/positive_feat/pt_files/21814371-8.pt,0,,,,
/data_sdd/lxt/GEM_PT_20X_PLIP/positive_feat/pt_files/21805632-4.pt,0,,,,
/data_sdd/lxt/GEM_PT_20X_PLIP/positive_feat/pt_files/21611943-10.pt,0,,,,
/data_sdd/lxt/GEM_PT_20X_PLIP/positive_feat/pt_files/19-23413-4.pt,0,,,,
/data_sdd/lxt/GEM_PT_20X_PLIP/positive_feat/pt_files/21-32274-14.pt,0,,,,
/data_sdd/lxt/GEM_PT_20X_PLIP/positive_feat/pt_files/21-41488-1.pt,0,,,,
/data_sdd/lxt/GEM_PT_20X_PLIP/positive_feat/pt_files/22-41342-5.pt,0,,,,
/data_sdd/lxt/GEM_PT_20X_PLIP/positive_feat/pt_files/21900222-1.pt,0,,,,
/data_sdd/lxt/GEM_PT_20X_PLIP/positive_feat/pt_files/21717698-3.pt,0,,,,
/data_sdd/lxt/GEM_PT_20X_PLIP/positive_feat/pt_files/21814371-10.pt,0,,,,
/data_sdd/lxt/GEM_PT_20X_PLIP/positive_feat/pt_files/19-42462-2.pt,0,,,,
/data_sdd/lxt/GEM_PT_20X_PLIP/positive_feat/pt_files/20-18155-14.pt,0,,,,
/data_sdd/lxt/GEM_PT_20X_PLIP/positive_feat/pt_files/22-27160-3.pt,0,,,,
/data_sdd/lxt/GEM_PT_20X_PLIP/positive_feat/pt_files/20-03613-3.pt,0,,,,
/data_sdd/lxt/GEM_PT_20X_PLIP/positive_feat/pt_files/21-21091-7.pt,0,,,,
/data_sdd/lxt/GEM_PT_20X_PLIP/positive_feat/pt_files/21-31167-4.pt,0,,,,
/data_sdd/lxt/GEM_PT_20X_PLIP/positive_feat/pt_files/21728478-9.pt,0,,,,
/data_sdd/lxt/GEM_PT_20X_PLIP/positive_feat/pt_files/20-02687-2.pt,0,,,,
/data_sdd/lxt/GEM_PT_20X_PLIP/positive_feat/pt_files/22-41342-2.pt,0,,,,
/data_sdd/lxt/GEM_PT_20X_PLIP/positive_feat/pt_files/22-43147-6.pt,0,,,,
/data_sdd/lxt/GEM_PT_20X_PLIP/positive_feat/pt_files/21-45974-8.pt,0,,,,
/data_sdd/lxt/GEM_PT_20X_PLIP/positive_feat/pt_files/19-36876-1.pt,0,,,,
/data_sdd/lxt/GEM_PT_20X_PLIP/positive_feat/pt_files/21714349-10.pt,0,,,,
/data_sdd/lxt/GEM_PT_20X_PLIP/positive_feat/pt_files/22-28390-C2.pt,0,,,,
/data_sdd/lxt/GEM_PT_20X_PLIP/positive_feat/pt_files/21719353-5.pt,0,,,,
/data_sdd/lxt/GEM_PT_20X_PLIP/positive_feat/pt_files/22-34704-4.pt,0,,,,
/data_sdd/lxt/GEM_PT_20X_PLIP/positive_feat/pt_files/20-07436-1.pt,0,,,,
/data_sdd/lxt/GEM_PT_20X_PLIP/positive_feat/pt_files/22-00204-11.pt,0,,,,
/data_sdd/lxt/GEM_PT_20X_PLIP/positive_feat/pt_files/22-07390-4.pt,0,,,,
/data_sdd/lxt/GEM_PT_20X_PLIP/positive_feat/pt_files/19-23018-9.pt,0,,,,
/data_sdd/lxt/GEM_PT_20X_PLIP/positive_feat/pt_files/21709910-2.pt,0,,,,
/data_sdd/lxt/GEM_PT_20X_PLIP/positive_feat/pt_files/20-18155-1.pt,0,,,,
/data_sdd/lxt/GEM_PT_20X_PLIP/positive_feat/pt_files/20-03613-6.pt,0,,,,
/data_sdd/lxt/GEM_PT_20X_PLIP/positive_feat/pt_files/21720221-9.pt,0,,,,
/data_sdd/lxt/GEM_PT_20X_PLIP/positive_feat/pt_files/21720221-8.pt,0,,,,
/data_sdd/lxt/GEM_PT_20X_PLIP/positive_feat/pt_files/22-34704-5.pt,0,,,,
/data_sdd/lxt/GEM_PT_20X_PLIP/positive_feat/pt_files/22-34704-3.pt,0,,,,
/data_sdd/lxt/GEM_PT_20X_PLIP/positive_feat/pt_files/20-07436-3.pt,0,,,,
/data_sdd/lxt/GEM_PT_20X_PLIP/positive_feat/pt_files/21-37246-1.pt,0,,,,
/data_sdd/lxt/GEM_PT_20X_PLIP/positive_feat/pt_files/19-28506-10.pt,0,,,,
/data_sdd/lxt/GEM_PT_20X_PLIP/positive_feat/pt_files/21-41488-8.pt,0,,,,
/data_sdd/lxt/GEM_PT_20X_PLIP/positive_feat/pt_files/21-32274-16.pt,0,,,,
/data_sdd/lxt/GEM_PT_20X_PLIP/positive_feat/pt_files/20-10720-5.pt,0,,,,
/data_sdd/lxt/GEM_PT_20X_PLIP/positive_feat/pt_files/21-15656-6.pt,0,,,,
/data_sdd/lxt/GEM_PT_20X_PLIP/positive_feat/pt_files/20-12790-7.pt,0,,,,
/data_sdd/lxt/GEM_PT_20X_PLIP/positive_feat/pt_files/21-09015-10.pt,0,,,,
/data_sdd/lxt/GEM_PT_20X_PLIP/positive_feat/pt_files/22-17027-14.pt,0,,,,
/data_sdd/lxt/GEM_PT_20X_PLIP/positive_feat/pt_files/22-41886-A3.pt,0,,,,
/data_sdd/lxt/GEM_PT_20X_PLIP/positive_feat/pt_files/21700365-2.pt,0,,,,
/data_sdd/lxt/GEM_PT_20X_PLIP/positive_feat/pt_files/21711835-2.pt,0,,,,
/data_sdd/lxt/GEM_PT_20X_PLIP/positive_feat/pt_files/21720221-22.pt,0,,,,
/data_sdd/lxt/GEM_PT_20X_PLIP/positive_feat/pt_files/20-13239-5.pt,0,,,,
/data_sdd/lxt/GEM_PT_20X_PLIP/positive_feat/pt_files/21823291-3.pt,0,,,,
/data_sdd/lxt/GEM_PT_20X_PLIP/positive_feat/pt_files/22-40414-A2.pt,0,,,,
/data_sdd/lxt/GEM_PT_20X_PLIP/positive_feat/pt_files/22-29761-10.pt,0,,,,
/data_sdd/lxt/GEM_PT_20X_PLIP/positive_feat/pt_files/19-10068-4.pt,0,,,,
/data_sdd/lxt/GEM_PT_20X_PLIP/positive_feat/pt_files/21-37246-11.pt,0,,,,
/data_sdd/lxt/GEM_PT_20X_PLIP/positive_feat/pt_files/22-43147-12.pt,0,,,,
/data_sdd/lxt/GEM_PT_20X_PLIP/positive_feat/pt_files/21603969-12.pt,0,,,,
/data_sdd/lxt/GEM_PT_20X_PLIP/positive_feat/pt_files/19-23018-6.pt,0,,,,
/data_sdd/lxt/GEM_PT_20X_PLIP/positive_feat/pt_files/21-02874-2.pt,0,,,,
/data_sdd/lxt/GEM_PT_20X_PLIP/positive_feat/pt_files/20-12779-A5.pt,0,,,,
/data_sdd/lxt/GEM_PT_20X_PLIP/positive_feat/pt_files/22-29761-3.pt,0,,,,
/data_sdd/lxt/GEM_PT_20X_PLIP/positive_feat/pt_files/19-28506-6.pt,0,,,,
/data_sdd/lxt/GEM_PT_20X_PLIP/positive_feat/pt_files/22-08689-8.pt,0,,,,
/data_sdd/lxt/GEM_PT_20X_PLIP/positive_feat/pt_files/22-33077-1.pt,0,,,,
/data_sdd/lxt/GEM_PT_20X_PLIP/positive_feat/pt_files/22-08689-16.pt,0,,,,
/data_sdd/lxt/GEM_PT_20X_PLIP/positive_feat/pt_files/22-28820-4.pt,0,,,,
/data_sdd/lxt/GEM_PT_20X_PLIP/positive_feat/pt_files/21-17988-1.pt,0,,,,
/data_sdd/lxt/GEM_PT_20X_PLIP/positive_feat/pt_files/19-24679-2.pt,0,,,,
/data_sdd/lxt/GEM_PT_20X_PLIP/positive_feat/pt_files/20-07436-9.pt,0,,,,
/data_sdd/lxt/GEM_PT_20X_PLIP/positive_feat/pt_files/22-08689-1.pt,0,,,,
/data_sdd/lxt/GEM_PT_20X_PLIP/positive_feat/pt_files/21812424-1.pt,0,,,,
/data_sdd/lxt/GEM_PT_20X_PLIP/positive_feat/pt_files/22-00204-12.pt,0,,,,
/data_sdd/lxt/GEM_PT_20X_PLIP/positive_feat/pt_files/21-21091-1.pt,0,,,,
/data_sdd/lxt/GEM_PT_20X_PLIP/positive_feat/pt_files/20-12779-A3.pt,0,,,,
/data_sdd/lxt/GEM_PT_20X_PLIP/positive_feat/pt_files/20-15576-A5.pt,0,,,,
/data_sdd/lxt/GEM_PT_20X_PLIP/positive_feat/pt_files/22-28820-6.pt,0,,,,
/data_sdd/lxt/GEM_PT_20X_PLIP/positive_feat/pt_files/21720221-5.pt,0,,,,
/data_sdd/lxt/GEM_PT_20X_PLIP/positive_feat/pt_files/22-38730-9.pt,0,,,,
/data_sdd/lxt/GEM_PT_20X_PLIP/positive_feat/pt_files/19-36876-2.pt,0,,,,
/data_sdd/lxt/GEM_PT_20X_PLIP/positive_feat/pt_files/21-38565-1.pt,0,,,,
/data_sdd/lxt/GEM_PT_20X_PLIP/positive_feat/pt_files/20-18262-1.pt,0,,,,
/data_sdd/lxt/GEM_PT_20X_PLIP/positive_feat/pt_files/21718608-4.pt,0,,,,
/data_sdd/lxt/GEM_PT_20X_PLIP/positive_feat/pt_files/21720221-26.pt,0,,,,
/data_sdd/lxt/GEM_PT_20X_PLIP/positive_feat/pt_files/19-28506-7.pt,0,,,,
/data_sdd/lxt/GEM_PT_20X_PLIP/positive_feat/pt_files/21709910-1.pt,0,,,,
/data_sdd/lxt/GEM_PT_20X_PLIP/positive_feat/pt_files/21717698-1.pt,0,,,,
/data_sdd/lxt/GEM_PT_20X_PLIP/positive_feat/pt_files/21-02874-1.pt,0,,,,
/data_sdd/lxt/GEM_PT_20X_PLIP/positive_feat/pt_files/21-21091-5.pt,0,,,,
/data_sdd/lxt/GEM_PT_20X_PLIP/positive_feat/pt_files/19-10068-7.pt,0,,,,
/data_sdd/lxt/GEM_PT_20X_PLIP/positive_feat/pt_files/21-45974-12.pt,0,,,,
/data_sdd/lxt/GEM_PT_20X_PLIP/positive_feat/pt_files/22-26304-2.pt,0,,,,
/data_sdd/lxt/GEM_PT_20X_PLIP/positive_feat/pt_files/21-18788-A1.pt,0,,,,
/data_sdd/lxt/GEM_PT_20X_PLIP/positive_feat/pt_files/20-12779-A2.pt,0,,,,
/data_sdd/lxt/GEM_PT_20X_PLIP/positive_feat/pt_files/20-25139-1.pt,0,,,,
/data_sdd/lxt/GEM_PT_20X_PLIP/positive_feat/pt_files/21-34704-5.pt,0,,,,
/data_sdd/lxt/GEM_PT_20X_PLIP/positive_feat/pt_files/19-22720-B1.pt,0,,,,
/data_sdd/lxt/GEM_PT_20X_PLIP/positive_feat/pt_files/21-45974-28.pt,0,,,,
/data_sdd/lxt/GEM_PT_20X_PLIP/positive_feat/pt_files/22-00204-4.pt,0,,,,
/data_sdd/lxt/GEM_PT_20X_PLIP/positive_feat/pt_files/22-17027-20.pt,0,,,,
/data_sdd/lxt/GEM_PT_20X_PLIP/positive_feat/pt_files/22-38384-4.pt,0,,,,
/data_sdd/lxt/GEM_PT_20X_PLIP/positive_feat/pt_files/22-41342-7.pt,0,,,,
/data_sdd/lxt/GEM_PT_20X_PLIP/positive_feat/pt_files/21-10884-2.pt,0,,,,
/data_sdd/lxt/GEM_PT_20X_PLIP/positive_feat/pt_files/22-07949-6.pt,0,,,,
/data_sdd/lxt/GEM_PT_20X_PLIP/positive_feat/pt_files/20-25507-1.pt,0,,,,
/data_sdd/lxt/GEM_PT_20X_PLIP/positive_feat/pt_files/21-02874-3.pt,0,,,,
/data_sdd/lxt/GEM_PT_20X_PLIP/positive_feat/pt_files/22-00204-17.pt,0,,,,
/data_sdd/lxt/GEM_PT_20X_PLIP/positive_feat/pt_files/22-28390-B1.pt,0,,,,
/data_sdd/lxt/GEM_PT_20X_PLIP/positive_feat/pt_files/20-01978-9.pt,0,,,,
/data_sdd/lxt/GEM_PT_20X_PLIP/positive_feat/pt_files/21-24684-2.pt,0,,,,
/data_sdd/lxt/GEM_PT_20X_PLIP/positive_feat/pt_files/21-21091-3.pt,0,,,,
/data_sdd/lxt/GEM_PT_20X_PLIP/positive_feat/pt_files/22-07949-3.pt,0,,,,
/data_sdd/lxt/GEM_PT_20X_PLIP/positive_feat/pt_files/22-27004-18.pt,0,,,,
/data_sdd/lxt/GEM_PT_20X_PLIP/positive_feat/pt_files/22-28820-14.pt,0,,,,
/data_sdd/lxt/GEM_PT_20X_PLIP/positive_feat/pt_files/22-07390-3.pt,0,,,,
/data_sdd/lxt/GEM_PT_20X_PLIP/positive_feat/pt_files/22-41342-9.pt,0,,,,
/data_sdd/lxt/GEM_PT_20X_PLIP/positive_feat/pt_files/21-45974-33.pt,0,,,,
/data_sdd/lxt/GEM_PT_20X_PLIP/positive_feat/pt_files/20-12779-A4.pt,0,,,,
/data_sdd/lxt/GEM_PT_20X_PLIP/positive_feat/pt_files/21-45974-32.pt,0,,,,
/data_sdd/lxt/GEM_PT_20X_PLIP/positive_feat/pt_files/22-43153-4.pt,0,,,,
/data_sdd/lxt/GEM_PT_20X_PLIP/positive_feat/pt_files/22-08689-12.pt,0,,,,
/data_sdd/lxt/GEM_PT_20X_PLIP/positive_feat/pt_files/21-10047-9.pt,0,,,,
/data_sdd/lxt/GEM_PT_20X_PLIP/positive_feat/pt_files/22-00204-1.pt,0,,,,
/data_sdd/lxt/GEM_PT_20X_PLIP/positive_feat/pt_files/20-12790-2.pt,0,,,,
/data_sdd/lxt/GEM_PT_20X_PLIP/positive_feat/pt_files/21-10047-3.pt,0,,,,
/data_sdd/lxt/GEM_PT_20X_PLIP/positive_feat/pt_files/21-37246-3.pt,0,,,,
/data_sdd/lxt/GEM_PT_20X_PLIP/positive_feat/pt_files/21-38565-5.pt,0,,,,
/data_sdd/lxt/GEM_PT_20X_PLIP/positive_feat/pt_files/21720221-14.pt,0,,,,
/data_sdd/lxt/GEM_PT_20X_PLIP/positive_feat/pt_files/21-15197-10.pt,0,,,,
/data_sdd/lxt/GEM_PT_20X_PLIP/positive_feat/pt_files/21720221-7.pt,0,,,,
/data_sdd/lxt/GEM_PT_20X_PLIP/positive_feat/pt_files/21-37246-6.pt,0,,,,
/data_sdd/lxt/GEM_PT_20X_PLIP/positive_feat/pt_files/21801671-12.pt,0,,,,
/data_sdd/lxt/GEM_PT_20X_PLIP/positive_feat/pt_files/22-27004-13.pt,0,,,,
/data_sdd/lxt/GEM_PT_20X_PLIP/positive_feat/pt_files/22-28390-G3.pt,0,,,,
/data_sdd/lxt/GEM_PT_20X_PLIP/positive_feat/pt_files/22-00204-10.pt,0,,,,
/data_sdd/lxt/GEM_PT_20X_PLIP/positive_feat/pt_files/20-02319-A1.pt,0,,,,
/data_sdd/lxt/GEM_PT_20X_PLIP/positive_feat/pt_files/21-45974-10.pt,0,,,,
/data_sdd/lxt/GEM_PT_20X_PLIP/positive_feat/pt_files/20-23949-4.pt,0,,,,
/data_sdd/lxt/GEM_PT_20X_PLIP/positive_feat/pt_files/22-40414-A5.pt,0,,,,
/data_sdd/lxt/GEM_PT_20X_PLIP/positive_feat/pt_files/21823291-4.pt,0,,,,
/data_sdd/lxt/GEM_PT_20X_PLIP/positive_feat/pt_files/22-02367-6.pt,0,,,,
/data_sdd/lxt/GEM_PT_20X_PLIP/positive_feat/pt_files/21-15197-2.pt,0,,,,
/data_sdd/lxt/GEM_PT_20X_PLIP/positive_feat/pt_files/20-12790-6.pt,0,,,,
/data_sdd/lxt/GEM_PT_20X_PLIP/positive_feat/pt_files/20-13239-4.pt,0,,,,
/data_sdd/lxt/GEM_PT_20X_PLIP/positive_feat/pt_files/19-23018-7.pt,0,,,,
/data_sdd/lxt/GEM_PT_20X_PLIP/positive_feat/pt_files/21812424-3.pt,0,,,,
/data_sdd/lxt/GEM_PT_20X_PLIP/positive_feat/pt_files/21-10047-5.pt,0,,,,
/data_sdd/lxt/GEM_PT_20X_PLIP/positive_feat/pt_files/21900222-4.pt,0,,,,
/data_sdd/lxt/GEM_PT_20X_PLIP/positive_feat/pt_files/21-28984-5.pt,0,,,,
/data_sdd/lxt/GEM_PT_20X_PLIP/positive_feat/pt_files/21-40777-2.pt,0,,,,
/data_sdd/lxt/GEM_PT_20X_PLIP/positive_feat/pt_files/22-43153-3.pt,0,,,,
/data_sdd/lxt/GEM_PT_20X_PLIP/positive_feat/pt_files/22-38831-3.pt,0,,,,
/data_sdd/lxt/GEM_PT_20X_PLIP/positive_feat/pt_files/20-01978-7.pt,0,,,,
/data_sdd/lxt/GEM_PT_20X_PLIP/positive_feat/pt_files/21-37246-2.pt,0,,,,
/data_sdd/lxt/GEM_PT_20X_PLIP/positive_feat/pt_files/22-28820-9.pt,0,,,,
/data_sdd/lxt/GEM_PT_20X_PLIP/positive_feat/pt_files/21717586-1.pt,0,,,,
/data_sdd/lxt/GEM_PT_20X_PLIP/positive_feat/pt_files/19-24679-5.pt,0,,,,
/data_sdd/lxt/GEM_PT_20X_PLIP/positive_feat/pt_files/22-32671-A1.pt,0,,,,
/data_sdd/lxt/GEM_PT_20X_PLIP/positive_feat/pt_files/20-23544-2.pt,0,,,,
/data_sdd/lxt/GEM_PT_20X_PLIP/positive_feat/pt_files/21828830-5.pt,0,,,,
/data_sdd/lxt/GEM_PT_20X_PLIP/positive_feat/pt_files/19-22720-A1.pt,0,,,,
/data_sdd/lxt/GEM_PT_20X_PLIP/positive_feat/pt_files/22-28820-19.pt,0,,,,
/data_sdd/lxt/GEM_PT_20X_PLIP/positive_feat/pt_files/21801671-11.pt,0,,,,
/data_sdd/lxt/GEM_PT_20X_PLIP/positive_feat/pt_files/20-12790-1.pt,0,,,,
/data_sdd/lxt/GEM_PT_20X_PLIP/positive_feat/pt_files/21603969-13.pt,0,,,,
/data_sdd/lxt/GEM_PT_20X_PLIP/positive_feat/pt_files/23-38649-7.pt,0,,,,
/data_sdd/lxt/GEM_PT_20X_PLIP/positive_feat/pt_files/21804206-4.pt,0,,,,
/data_sdd/lxt/GEM_PT_20X_PLIP/positive_feat/pt_files/22-00204-9.pt,0,,,,
/data_sdd/lxt/GEM_PT_20X_PLIP/positive_feat/pt_files/21812424-2.pt,0,,,,
/data_sdd/lxt/GEM_PT_20X_PLIP/positive_feat/pt_files/21611943-3.pt,0,,,,
/data_sdd/lxt/GEM_PT_20X_PLIP/positive_feat/pt_files/21-15197-11.pt,0,,,,
/data_sdd/lxt/GEM_PT_20X_PLIP/positive_feat/pt_files/23-04343-10.pt,0,,,,
/data_sdd/lxt/GEM_PT_20X_PLIP/positive_feat/pt_files/22-28390-G1.pt,0,,,,
/data_sdd/lxt/GEM_PT_20X_PLIP/positive_feat/pt_files/20-23367-12.pt,0,,,,
/data_sdd/lxt/GEM_PT_20X_PLIP/positive_feat/pt_files/19-24679-1.pt,0,,,,
/data_sdd/lxt/GEM_PT_20X_PLIP/positive_feat/pt_files/22-00204-8.pt,0,,,,
/data_sdd/lxt/GEM_PT_20X_PLIP/positive_feat/pt_files/22-28390-G4.pt,0,,,,
/data_sdd/lxt/GEM_PT_20X_PLIP/positive_feat/pt_files/21611943-4.pt,0,,,,
/data_sdd/lxt/GEM_PT_20X_PLIP/positive_feat/pt_files/21830891-2.pt,0,,,,
/data_sdd/lxt/GEM_PT_20X_PLIP/positive_feat/pt_files/21-10884-1.pt,0,,,,
/data_sdd/lxt/GEM_PT_20X_PLIP/positive_feat/pt_files/22-28390-G13.pt,0,,,,
/data_sdd/lxt/GEM_PT_20X_PLIP/positive_feat/pt_files/21801671-13.pt,0,,,,
/data_sdd/lxt/GEM_PT_20X_PLIP/positive_feat/pt_files/20-01978-3.pt,0,,,,
/data_sdd/lxt/GEM_PT_20X_PLIP/positive_feat/pt_files/20-12790-3.pt,0,,,,
/data_sdd/lxt/GEM_PT_20X_PLIP/positive_feat/pt_files/21804206-8.pt,0,,,,
/data_sdd/lxt/GEM_PT_20X_PLIP/positive_feat/pt_files/21-10047-11.pt,0,,,,
/data_sdd/lxt/GEM_PT_20X_PLIP/positive_feat/pt_files/21-45974-3.pt,0,,,,
/data_sdd/lxt/GEM_PT_20X_PLIP/positive_feat/pt_files/20-18155-19.pt,0,,,,
/data_sdd/lxt/GEM_PT_20X_PLIP/positive_feat/pt_files/20-09870-3.pt,0,,,,
/data_sdd/lxt/GEM_PT_20X_PLIP/positive_feat/pt_files/20-09136-4.pt,0,,,,
/data_sdd/lxt/GEM_PT_20X_PLIP/positive_feat/pt_files/21-31167-5.pt,0,,,,
/data_sdd/lxt/GEM_PT_20X_PLIP/positive_feat/pt_files/19-28506-3.pt,0,,,,
/data_sdd/lxt/GEM_PT_20X_PLIP/positive_feat/pt_files/22-34704-2.pt,0,,,,
/data_sdd/lxt/GEM_PT_20X_PLIP/positive_feat/pt_files/19-23018-8.pt,0,,,,
/data_sdd/lxt/GEM_PT_20X_PLIP/positive_feat/pt_files/21-45974-27.pt,0,,,,
/data_sdd/lxt/GEM_PT_20X_PLIP/positive_feat/pt_files/20-29145-A1.pt,0,,,,
/data_sdd/lxt/GEM_PT_20X_PLIP/positive_feat/pt_files/21-05610-2.pt,0,,,,
/data_sdd/lxt/GEM_PT_20X_PLIP/positive_feat/pt_files/21-31167-6.pt,0,,,,
/data_sdd/lxt/GEM_PT_20X_PLIP/positive_feat/pt_files/22-28390-B2.pt,0,,,,
/data_sdd/lxt/GEM_PT_20X_PLIP/positive_feat/pt_files/20-13246-9.pt,0,,,,
/data_sdd/lxt/GEM_PT_20X_PLIP/positive_feat/pt_files/21-10047-14.pt,0,,,,
/data_sdd/lxt/GEM_PT_20X_PLIP/positive_feat/pt_files/21-35968-1.pt,0,,,,
/data_sdd/lxt/GEM_PT_20X_PLIP/positive_feat/pt_files/19-22720-A2.pt,0,,,,
/data_sdd/lxt/GEM_PT_20X_PLIP/positive_feat/pt_files/21729036-7.pt,0,,,,
/data_sdd/lxt/GEM_PT_20X_PLIP/positive_feat/pt_files/21714349-5.pt,0,,,,
/data_sdd/lxt/GEM_PT_20X_PLIP/positive_feat/pt_files/22-33846-1.pt,0,,,,
/data_sdd/lxt/GEM_PT_20X_PLIP/positive_feat/pt_files/21823291-2.pt,0,,,,
/data_sdd/lxt/GEM_PT_20X_PLIP/positive_feat/pt_files/21-09015-14.pt,0,,,,
/data_sdd/lxt/GEM_PT_20X_PLIP/positive_feat/pt_files/21728478-6.pt,0,,,,
/data_sdd/lxt/GEM_PT_20X_PLIP/positive_feat/pt_files/22-40414-A4.pt,0,,,,
/data_sdd/lxt/GEM_PT_20X_PLIP/positive_feat/pt_files/22-40414-A3.pt,0,,,,
/data_sdd/lxt/GEM_PT_20X_PLIP/positive_feat/pt_files/21622374-4.pt,0,,,,
/data_sdd/lxt/GEM_PT_20X_PLIP/positive_feat/pt_files/19-22720-A6.pt,0,,,,
/data_sdd/lxt/GEM_PT_20X_PLIP/positive_feat/pt_files/21801671-8.pt,0,,,,
/data_sdd/lxt/GEM_PT_20X_PLIP/positive_feat/pt_files/20-12790-8.pt,0,,,,
/data_sdd/lxt/GEM_PT_20X_PLIP/positive_feat/pt_files/22-27160-8.pt,0,,,,
/data_sdd/lxt/GEM_PT_20X_PLIP/positive_feat/pt_files/21622374-5.pt,0,,,,
/data_sdd/lxt/GEM_PT_20X_PLIP/positive_feat/pt_files/22-27004-2.pt,0,,,,
/data_sdd/lxt/GEM_PT_20X_PLIP/positive_feat/pt_files/21720221-4.pt,0,,,,
/data_sdd/lxt/GEM_PT_20X_PLIP/positive_feat/pt_files/19-24679-3.pt,0,,,,
/data_sdd/lxt/GEM_PT_20X_PLIP/positive_feat/pt_files/22-28820-11.pt,0,,,,
/data_sdd/lxt/GEM_PT_20X_PLIP/positive_feat/pt_files/21825455-1.pt,0,,,,
/data_sdd/lxt/GEM_PT_20X_PLIP/positive_feat/pt_files/22-41886-B1.pt,0,,,,
/data_sdd/lxt/GEM_PT_20X_PLIP/positive_feat/pt_files/21828034-5.pt,0,,,,
/data_sdd/lxt/GEM_PT_20X_PLIP/positive_feat/pt_files/22-07390-5.pt,0,,,,
/data_sdd/lxt/GEM_PT_20X_PLIP/positive_feat/pt_files/20-12230-1.pt,0,,,,
/data_sdd/lxt/GEM_PT_20X_PLIP/positive_feat/pt_files/21-02865-1.pt,0,,,,
/data_sdd/lxt/GEM_PT_20X_PLIP/positive_feat/pt_files/20-18155-5.pt,0,,,,
/data_sdd/lxt/GEM_PT_20X_PLIP/positive_feat/pt_files/21-38565-11.pt,0,,,,
/data_sdd/lxt/GEM_PT_20X_PLIP/positive_feat/pt_files/22-28820-10.pt,0,,,,
